年,週,月,開始日,終了日,都道府県,急性呼吸器感染症_報告,急性呼吸器感染症_定当
2025,15,4,2025-04-07,2025-04-13,総数,181270,49.38
2025,15,4,2025-04-07,2025-04-13,北海道,7908,48.81
2025,15,4,2025-04-07,2025-04-13,青森県,2313,46.26
2025,15,4,2025-04-07,2025-04-13,岩手県,3738,86.93
2025,15,4,2025-04-07,2025-04-13,宮城県,3622,65.85
2025,15,4,2025-04-07,2025-04-13,秋田県,2149,93.43
2025,15,4,2025-04-07,2025-04-13,山形県,2788,73.37
2025,15,4,2025-04-07,2025-04-13,福島県,2549,54.23
2025,15,4,2025-04-07,2025-04-13,茨城県,3996,58.76
2025,15,4,2025-04-07,2025-04-13,栃木県,4424,94.13
2025,15,4,2025-04-07,2025-04-13,群馬県,3179,72.25
2025,15,4,2025-04-07,2025-04-13,埼玉県,9747,62.88
2025,15,4,2025-04-07,2025-04-13,千葉県,8379,56.61
2025,15,4,2025-04-07,2025-04-13,東京都,16744,44.65
2025,15,4,2025-04-07,2025-04-13,神奈川県,12187,56.16
2025,15,4,2025-04-07,2025-04-13,新潟県,3398,65.35
2025,15,4,2025-04-07,2025-04-13,富山県,3283,71.37
2025,15,4,2025-04-07,2025-04-13,石川県,2598,54.13
2025,15,4,2025-04-07,2025-04-13,福井県,1771,45.41
2025,15,4,2025-04-07,2025-04-13,山梨県,1168,33.37
2025,15,4,2025-04-07,2025-04-13,長野県,3954,48.81
2025,15,4,2025-04-07,2025-04-13,岐阜県,1718,39.95
2025,15,4,2025-04-07,2025-04-13,静岡県,3814,27.44
2025,15,4,2025-04-07,2025-04-13,愛知県,7904,50.67
2025,15,4,2025-04-07,2025-04-13,三重県,2637,37.67
2025,15,4,2025-04-07,2025-04-13,滋賀県,2067,40.53
2025,15,4,2025-04-07,2025-04-13,京都府,2560,41.97
2025,15,4,2025-04-07,2025-04-13,大阪府,9807,33.7
2025,15,4,2025-04-07,2025-04-13,兵庫県,6597,43.98
2025,15,4,2025-04-07,2025-04-13,奈良県,1577,39.43
2025,15,4,2025-04-07,2025-04-13,和歌山県,1608,35.73
2025,15,4,2025-04-07,2025-04-13,鳥取県,1623,55.97
2025,15,4,2025-04-07,2025-04-13,島根県,956,50.32
2025,15,4,2025-04-07,2025-04-13,岡山県,2536,50.72
2025,15,4,2025-04-07,2025-04-13,広島県,3817,41.95
2025,15,4,2025-04-07,2025-04-13,山口県,3474,55.14
2025,15,4,2025-04-07,2025-04-13,徳島県,1240,36.47
2025,15,4,2025-04-07,2025-04-13,香川県,1542,39.54
2025,15,4,2025-04-07,2025-04-13,愛媛県,2749,72.34
2025,15,4,2025-04-07,2025-04-13,高知県,1040,27.37
2025,15,4,2025-04-07,2025-04-13,福岡県,4267,35.56
2025,15,4,2025-04-07,2025-04-13,佐賀県,1343,58.39
2025,15,4,2025-04-07,2025-04-13,長崎県,3378,66.24
2025,15,4,2025-04-07,2025-04-13,熊本県,3117,45.17
2025,15,4,2025-04-07,2025-04-13,大分県,2861,49.33
2025,15,4,2025-04-07,2025-04-13,宮崎県,1517,54.18
2025,15,4,2025-04-07,2025-04-13,鹿児島県,3345,58.68
2025,15,4,2025-04-07,2025-04-13,沖縄県,2281,50.69
2025,16,4,2025-04-14,2025-04-20,総数,216136,56.58
2025,16,4,2025-04-14,2025-04-20,北海道,8765,52.49
2025,16,4,2025-04-14,2025-04-20,青森県,2414,47.33
2025,16,4,2025-04-14,2025-04-20,岩手県,4140,94.09
2025,16,4,2025-04-14,2025-04-20,宮城県,3973,73.57
2025,16,4,2025-04-14,2025-04-20,秋田県,1259,52.46
2025,16,4,2025-04-14,2025-04-20,山形県,3050,80.26
2025,16,4,2025-04-14,2025-04-20,福島県,3575,74.48
2025,16,4,2025-04-14,2025-04-20,茨城県,4493,66.07
2025,16,4,2025-04-14,2025-04-20,栃木県,4636,98.64
2025,16,4,2025-04-14,2025-04-20,群馬県,3521,80.02
2025,16,4,2025-04-14,2025-04-20,埼玉県,11628,68.8
2025,16,4,2025-04-14,2025-04-20,千葉県,11107,63.83
2025,16,4,2025-04-14,2025-04-20,東京都,21268,51.13
2025,16,4,2025-04-14,2025-04-20,神奈川県,15311,65.15
2025,16,4,2025-04-14,2025-04-20,新潟県,3316,65.02
2025,16,4,2025-04-14,2025-04-20,富山県,3853,80.27
2025,16,4,2025-04-14,2025-04-20,石川県,2840,59.17
2025,16,4,2025-04-14,2025-04-20,福井県,1974,50.62
2025,16,4,2025-04-14,2025-04-20,山梨県,1402,40.06
2025,16,4,2025-04-14,2025-04-20,長野県,4718,58.25
2025,16,4,2025-04-14,2025-04-20,岐阜県,1876,41.69
2025,16,4,2025-04-14,2025-04-20,静岡県,6099,43.88
2025,16,4,2025-04-14,2025-04-20,愛知県,10696,65.62
2025,16,4,2025-04-14,2025-04-20,三重県,3156,44.45
2025,16,4,2025-04-14,2025-04-20,滋賀県,3212,55.38
2025,16,4,2025-04-14,2025-04-20,京都府,2981,49.68
2025,16,4,2025-04-14,2025-04-20,大阪府,11570,39.49
2025,16,4,2025-04-14,2025-04-20,兵庫県,8593,52.72
2025,16,4,2025-04-14,2025-04-20,奈良県,1918,46.78
2025,16,4,2025-04-14,2025-04-20,和歌山県,2013,44.73
2025,16,4,2025-04-14,2025-04-20,鳥取県,1833,63.21
2025,16,4,2025-04-14,2025-04-20,島根県,1165,58.25
2025,16,4,2025-04-14,2025-04-20,岡山県,3164,63.28
2025,16,4,2025-04-14,2025-04-20,広島県,4410,46.91
2025,16,4,2025-04-14,2025-04-20,山口県,3885,61.67
2025,16,4,2025-04-14,2025-04-20,徳島県,1368,40.24
2025,16,4,2025-04-14,2025-04-20,香川県,2280,57.0
2025,16,4,2025-04-14,2025-04-20,愛媛県,2854,75.11
2025,16,4,2025-04-14,2025-04-20,高知県,1212,31.89
2025,16,4,2025-04-14,2025-04-20,福岡県,5305,43.84
2025,16,4,2025-04-14,2025-04-20,佐賀県,1460,63.48
2025,16,4,2025-04-14,2025-04-20,長崎県,3677,73.54
2025,16,4,2025-04-14,2025-04-20,熊本県,3890,53.29
2025,16,4,2025-04-14,2025-04-20,大分県,2895,49.91
2025,16,4,2025-04-14,2025-04-20,宮崎県,1751,62.54
2025,16,4,2025-04-14,2025-04-20,鹿児島県,3287,57.67
2025,16,4,2025-04-14,2025-04-20,沖縄県,2343,52.07
2025,17,4,2025-04-21,2025-04-27,総数,237731,62.18
2025,17,4,2025-04-21,2025-04-27,北海道,10307,62.47
2025,17,4,2025-04-21,2025-04-27,青森県,3093,59.48
2025,17,4,2025-04-21,2025-04-27,岩手県,4218,95.86
2025,17,4,2025-04-21,2025-04-27,宮城県,4351,80.57
2025,17,4,2025-04-21,2025-04-27,秋田県,1555,64.79
2025,17,4,2025-04-21,2025-04-27,山形県,3309,87.08
2025,17,4,2025-04-21,2025-04-27,福島県,3740,77.92
2025,17,4,2025-04-21,2025-04-27,茨城県,5147,75.69
2025,17,4,2025-04-21,2025-04-27,栃木県,4959,105.51
2025,17,4,2025-04-21,2025-04-27,群馬県,3887,86.38
2025,17,4,2025-04-21,2025-04-27,埼玉県,13822,80.83
2025,17,4,2025-04-21,2025-04-27,千葉県,13126,74.58
2025,17,4,2025-04-21,2025-04-27,東京都,24415,58.83
2025,17,4,2025-04-21,2025-04-27,神奈川県,17092,72.73
2025,17,4,2025-04-21,2025-04-27,新潟県,3584,70.27
2025,17,4,2025-04-21,2025-04-27,富山県,4081,85.02
2025,17,4,2025-04-21,2025-04-27,石川県,2705,56.35
2025,17,4,2025-04-21,2025-04-27,福井県,2013,51.62
2025,17,4,2025-04-21,2025-04-27,山梨県,1597,45.63
2025,17,4,2025-04-21,2025-04-27,長野県,5023,62.01
2025,17,4,2025-04-21,2025-04-27,岐阜県,1794,39.87
2025,17,4,2025-04-21,2025-04-27,静岡県,6380,46.23
2025,17,4,2025-04-21,2025-04-27,愛知県,12672,77.74
2025,17,4,2025-04-21,2025-04-27,三重県,3329,46.89
2025,17,4,2025-04-21,2025-04-27,滋賀県,3338,57.55
2025,17,4,2025-04-21,2025-04-27,京都府,3683,58.46
2025,17,4,2025-04-21,2025-04-27,大阪府,12468,42.7
2025,17,4,2025-04-21,2025-04-27,兵庫県,9207,56.83
2025,17,4,2025-04-21,2025-04-27,奈良県,1857,45.29
2025,17,4,2025-04-21,2025-04-27,和歌山県,2065,45.89
2025,17,4,2025-04-21,2025-04-27,鳥取県,1634,56.34
2025,17,4,2025-04-21,2025-04-27,島根県,1134,56.7
2025,17,4,2025-04-21,2025-04-27,岡山県,3846,76.92
2025,17,4,2025-04-21,2025-04-27,広島県,4889,52.01
2025,17,4,2025-04-21,2025-04-27,山口県,4137,65.67
2025,17,4,2025-04-21,2025-04-27,徳島県,1526,44.88
2025,17,4,2025-04-21,2025-04-27,香川県,2147,53.68
2025,17,4,2025-04-21,2025-04-27,愛媛県,2998,78.89
2025,17,4,2025-04-21,2025-04-27,高知県,1220,32.11
2025,17,4,2025-04-21,2025-04-27,福岡県,5914,48.48
2025,17,4,2025-04-21,2025-04-27,佐賀県,1443,65.59
2025,17,4,2025-04-21,2025-04-27,長崎県,3462,69.24
2025,17,4,2025-04-21,2025-04-27,熊本県,3739,51.22
2025,17,4,2025-04-21,2025-04-27,大分県,3146,54.24
2025,17,4,2025-04-21,2025-04-27,宮崎県,1475,52.68
2025,17,4,2025-04-21,2025-04-27,鹿児島県,3474,60.95
2025,17,4,2025-04-21,2025-04-27,沖縄県,2730,60.67
2025,18,4,2025-04-28,2025-05-04,総数,214921,56.51
2025,18,4,2025-04-28,2025-05-04,北海道,9607,58.58
2025,18,4,2025-04-28,2025-05-04,青森県,2839,54.6
2025,18,4,2025-04-28,2025-05-04,岩手県,3736,84.91
2025,18,4,2025-04-28,2025-05-04,宮城県,4213,78.02
2025,18,4,2025-04-28,2025-05-04,秋田県,1381,55.24
2025,18,4,2025-04-28,2025-05-04,山形県,2624,72.89
2025,18,4,2025-04-28,2025-05-04,福島県,3323,69.23
2025,18,4,2025-04-28,2025-05-04,茨城県,4187,61.57
2025,18,4,2025-04-28,2025-05-04,栃木県,4203,89.43
2025,18,4,2025-04-28,2025-05-04,群馬県,3665,81.44
2025,18,4,2025-04-28,2025-05-04,埼玉県,13019,77.96
2025,18,4,2025-04-28,2025-05-04,千葉県,10821,64.41
2025,18,4,2025-04-28,2025-05-04,東京都,20711,50.03
2025,18,4,2025-04-28,2025-05-04,神奈川県,14015,60.67
2025,18,4,2025-04-28,2025-05-04,新潟県,3449,67.63
2025,18,4,2025-04-28,2025-05-04,富山県,3370,70.21
2025,18,4,2025-04-28,2025-05-04,石川県,2466,51.38
2025,18,4,2025-04-28,2025-05-04,福井県,1670,42.82
2025,18,4,2025-04-28,2025-05-04,山梨県,1394,39.83
2025,18,4,2025-04-28,2025-05-04,長野県,4604,57.55
2025,18,4,2025-04-28,2025-05-04,岐阜県,2180,48.44
2025,18,4,2025-04-28,2025-05-04,静岡県,6287,45.23
2025,18,4,2025-04-28,2025-05-04,愛知県,11413,70.45
2025,18,4,2025-04-28,2025-05-04,三重県,2698,38.0
2025,18,4,2025-04-28,2025-05-04,滋賀県,3110,53.62
2025,18,4,2025-04-28,2025-05-04,京都府,3426,53.53
2025,18,4,2025-04-28,2025-05-04,大阪府,11490,39.35
2025,18,4,2025-04-28,2025-05-04,兵庫県,8397,52.16
2025,18,4,2025-04-28,2025-05-04,奈良県,1790,43.66
2025,18,4,2025-04-28,2025-05-04,和歌山県,1989,45.2
2025,18,4,2025-04-28,2025-05-04,鳥取県,1603,55.28
2025,18,4,2025-04-28,2025-05-04,島根県,1261,63.05
2025,18,4,2025-04-28,2025-05-04,岡山県,3356,67.12
2025,18,4,2025-04-28,2025-05-04,広島県,4550,48.4
2025,18,4,2025-04-28,2025-05-04,山口県,4066,64.54
2025,18,4,2025-04-28,2025-05-04,徳島県,1374,40.41
2025,18,4,2025-04-28,2025-05-04,香川県,2215,55.38
2025,18,4,2025-04-28,2025-05-04,愛媛県,2803,73.76
2025,18,4,2025-04-28,2025-05-04,高知県,1135,29.87
2025,18,4,2025-04-28,2025-05-04,福岡県,5296,43.77
2025,18,4,2025-04-28,2025-05-04,佐賀県,1379,59.96
2025,18,4,2025-04-28,2025-05-04,長崎県,3308,64.86
2025,18,4,2025-04-28,2025-05-04,熊本県,3789,51.9
2025,18,4,2025-04-28,2025-05-04,大分県,3248,56.0
2025,18,4,2025-04-28,2025-05-04,宮崎県,1459,52.11
2025,18,4,2025-04-28,2025-05-04,鹿児島県,3375,59.21
2025,18,4,2025-04-28,2025-05-04,沖縄県,2627,58.38
2025,19,5,2025-05-05,2025-05-11,総数,182709,47.63
2025,19,5,2025-05-05,2025-05-11,北海道,7225,43.26
2025,19,5,2025-05-05,2025-05-11,青森県,2429,48.58
2025,19,5,2025-05-05,2025-05-11,岩手県,2915,69.4
2025,19,5,2025-05-05,2025-05-11,宮城県,3563,65.98
2025,19,5,2025-05-05,2025-05-11,秋田県,1151,46.04
2025,19,5,2025-05-05,2025-05-11,山形県,2401,63.18
2025,19,5,2025-05-05,2025-05-11,福島県,2879,59.98
2025,19,5,2025-05-05,2025-05-11,茨城県,3905,57.43
2025,19,5,2025-05-05,2025-05-11,栃木県,3422,72.81
2025,19,5,2025-05-05,2025-05-11,群馬県,2893,64.29
2025,19,5,2025-05-05,2025-05-11,埼玉県,11228,65.28
2025,19,5,2025-05-05,2025-05-11,千葉県,9511,53.13
2025,19,5,2025-05-05,2025-05-11,東京都,17595,42.19
2025,19,5,2025-05-05,2025-05-11,神奈川県,11949,50.42
2025,19,5,2025-05-05,2025-05-11,新潟県,2777,53.4
2025,19,5,2025-05-05,2025-05-11,富山県,2963,61.73
2025,19,5,2025-05-05,2025-05-11,石川県,2194,45.71
2025,19,5,2025-05-05,2025-05-11,福井県,1362,34.92
2025,19,5,2025-05-05,2025-05-11,山梨県,1298,37.09
2025,19,5,2025-05-05,2025-05-11,長野県,3658,45.16
2025,19,5,2025-05-05,2025-05-11,岐阜県,1849,41.09
2025,19,5,2025-05-05,2025-05-11,静岡県,5523,39.73
2025,19,5,2025-05-05,2025-05-11,愛知県,9441,57.92
2025,19,5,2025-05-05,2025-05-11,三重県,2388,33.63
2025,19,5,2025-05-05,2025-05-11,滋賀県,2650,45.69
2025,19,5,2025-05-05,2025-05-11,京都府,2945,46.75
2025,19,5,2025-05-05,2025-05-11,大阪府,9556,32.73
2025,19,5,2025-05-05,2025-05-11,兵庫県,7096,43.27
2025,19,5,2025-05-05,2025-05-11,奈良県,1410,34.39
2025,19,5,2025-05-05,2025-05-11,和歌山県,1702,37.82
2025,19,5,2025-05-05,2025-05-11,鳥取県,1397,48.17
2025,19,5,2025-05-05,2025-05-11,島根県,1025,51.25
2025,19,5,2025-05-05,2025-05-11,岡山県,2574,51.48
2025,19,5,2025-05-05,2025-05-11,広島県,4082,43.43
2025,19,5,2025-05-05,2025-05-11,山口県,3299,52.37
2025,19,5,2025-05-05,2025-05-11,徳島県,1260,37.06
2025,19,5,2025-05-05,2025-05-11,香川県,1823,45.58
2025,19,5,2025-05-05,2025-05-11,愛媛県,2379,62.61
2025,19,5,2025-05-05,2025-05-11,高知県,1010,26.58
2025,19,5,2025-05-05,2025-05-11,福岡県,5212,42.72
2025,19,5,2025-05-05,2025-05-11,佐賀県,1302,56.61
2025,19,5,2025-05-05,2025-05-11,長崎県,2725,53.43
2025,19,5,2025-05-05,2025-05-11,熊本県,3308,45.32
2025,19,5,2025-05-05,2025-05-11,大分県,3202,55.21
2025,19,5,2025-05-05,2025-05-11,宮崎県,1198,42.79
2025,19,5,2025-05-05,2025-05-11,鹿児島県,2820,49.47
2025,19,5,2025-05-05,2025-05-11,沖縄県,2215,49.22
2025,20,5,2025-05-12,2025-05-18,総数,231866,60.26
2025,20,5,2025-05-12,2025-05-18,北海道,9004,53.6
2025,20,5,2025-05-12,2025-05-18,青森県,3312,63.69
2025,20,5,2025-05-12,2025-05-18,岩手県,4059,96.64
2025,20,5,2025-05-12,2025-05-18,宮城県,4553,84.31
2025,20,5,2025-05-12,2025-05-18,秋田県,1423,56.92
2025,20,5,2025-05-12,2025-05-18,山形県,3135,82.5
2025,20,5,2025-05-12,2025-05-18,福島県,3574,74.46
2025,20,5,2025-05-12,2025-05-18,茨城県,4741,69.72
2025,20,5,2025-05-12,2025-05-18,栃木県,4533,96.45
2025,20,5,2025-05-12,2025-05-18,群馬県,3834,85.2
2025,20,5,2025-05-12,2025-05-18,埼玉県,13223,75.56
2025,20,5,2025-05-12,2025-05-18,千葉県,12295,67.55
2025,20,5,2025-05-12,2025-05-18,東京都,22974,54.83
2025,20,5,2025-05-12,2025-05-18,神奈川県,16193,67.75
2025,20,5,2025-05-12,2025-05-18,新潟県,3484,67.0
2025,20,5,2025-05-12,2025-05-18,富山県,3586,76.3
2025,20,5,2025-05-12,2025-05-18,石川県,2700,56.25
2025,20,5,2025-05-12,2025-05-18,福井県,1772,45.44
2025,20,5,2025-05-12,2025-05-18,山梨県,1525,43.57
2025,20,5,2025-05-12,2025-05-18,長野県,5057,62.43
2025,20,5,2025-05-12,2025-05-18,岐阜県,1925,42.78
2025,20,5,2025-05-12,2025-05-18,静岡県,6213,45.02
2025,20,5,2025-05-12,2025-05-18,愛知県,11781,72.28
2025,20,5,2025-05-12,2025-05-18,三重県,3022,42.56
2025,20,5,2025-05-12,2025-05-18,滋賀県,3137,54.09
2025,20,5,2025-05-12,2025-05-18,京都府,3600,56.25
2025,20,5,2025-05-12,2025-05-18,大阪府,11849,40.58
2025,20,5,2025-05-12,2025-05-18,兵庫県,8912,54.34
2025,20,5,2025-05-12,2025-05-18,奈良県,1878,45.8
2025,20,5,2025-05-12,2025-05-18,和歌山県,2115,47.0
2025,20,5,2025-05-12,2025-05-18,鳥取県,1712,59.03
2025,20,5,2025-05-12,2025-05-18,島根県,1237,61.85
2025,20,5,2025-05-12,2025-05-18,岡山県,3603,72.06
2025,20,5,2025-05-12,2025-05-18,広島県,5509,59.24
2025,20,5,2025-05-12,2025-05-18,山口県,4697,74.56
2025,20,5,2025-05-12,2025-05-18,徳島県,1482,43.59
2025,20,5,2025-05-12,2025-05-18,香川県,2228,55.7
2025,20,5,2025-05-12,2025-05-18,愛媛県,2895,76.18
2025,20,5,2025-05-12,2025-05-18,高知県,1438,37.84
2025,20,5,2025-05-12,2025-05-18,福岡県,6297,51.61
2025,20,5,2025-05-12,2025-05-18,佐賀県,1692,70.5
2025,20,5,2025-05-12,2025-05-18,長崎県,3655,71.67
2025,20,5,2025-05-12,2025-05-18,熊本県,4162,57.01
2025,20,5,2025-05-12,2025-05-18,大分県,3646,62.86
2025,20,5,2025-05-12,2025-05-18,宮崎県,1501,53.61
2025,20,5,2025-05-12,2025-05-18,鹿児島県,4119,72.26
2025,20,5,2025-05-12,2025-05-18,沖縄県,2584,57.42
2025,21,5,2025-05-19,2025-05-25,総数,220611,57.29
2025,21,5,2025-05-19,2025-05-25,北海道,9318,55.46
2025,21,5,2025-05-19,2025-05-25,青森県,3148,60.54
2025,21,5,2025-05-19,2025-05-25,岩手県,3974,94.62
2025,21,5,2025-05-19,2025-05-25,宮城県,4481,82.98
2025,21,5,2025-05-19,2025-05-25,秋田県,1314,52.56
2025,21,5,2025-05-19,2025-05-25,山形県,2958,77.84
2025,21,5,2025-05-19,2025-05-25,福島県,3315,69.06
2025,21,5,2025-05-19,2025-05-25,茨城県,4404,64.76
2025,21,5,2025-05-19,2025-05-25,栃木県,4083,86.87
2025,21,5,2025-05-19,2025-05-25,群馬県,3479,77.31
2025,21,5,2025-05-19,2025-05-25,埼玉県,13054,74.17
2025,21,5,2025-05-19,2025-05-25,千葉県,11626,63.53
2025,21,5,2025-05-19,2025-05-25,東京都,22206,53.0
2025,21,5,2025-05-19,2025-05-25,神奈川県,15760,65.67
2025,21,5,2025-05-19,2025-05-25,新潟県,3274,62.96
2025,21,5,2025-05-19,2025-05-25,富山県,3420,72.77
2025,21,5,2025-05-19,2025-05-25,石川県,2647,55.15
2025,21,5,2025-05-19,2025-05-25,福井県,1644,42.15
2025,21,5,2025-05-19,2025-05-25,山梨県,1335,38.14
2025,21,5,2025-05-19,2025-05-25,長野県,4526,55.88
2025,21,5,2025-05-19,2025-05-25,岐阜県,1804,40.09
2025,21,5,2025-05-19,2025-05-25,静岡県,5987,43.07
2025,21,5,2025-05-19,2025-05-25,愛知県,10821,66.39
2025,21,5,2025-05-19,2025-05-25,三重県,3054,43.63
2025,21,5,2025-05-19,2025-05-25,滋賀県,2932,50.55
2025,21,5,2025-05-19,2025-05-25,京都府,3365,52.58
2025,21,5,2025-05-19,2025-05-25,大阪府,11001,37.67
2025,21,5,2025-05-19,2025-05-25,兵庫県,8524,52.29
2025,21,5,2025-05-19,2025-05-25,奈良県,1800,43.9
2025,21,5,2025-05-19,2025-05-25,和歌山県,2056,45.69
2025,21,5,2025-05-19,2025-05-25,鳥取県,1792,61.79
2025,21,5,2025-05-19,2025-05-25,島根県,1132,56.6
2025,21,5,2025-05-19,2025-05-25,岡山県,3086,61.72
2025,21,5,2025-05-19,2025-05-25,広島県,5138,54.66
2025,21,5,2025-05-19,2025-05-25,山口県,4505,71.51
2025,21,5,2025-05-19,2025-05-25,徳島県,1471,43.26
2025,21,5,2025-05-19,2025-05-25,香川県,2014,50.35
2025,21,5,2025-05-19,2025-05-25,愛媛県,2664,70.11
2025,21,5,2025-05-19,2025-05-25,高知県,1528,40.21
2025,21,5,2025-05-19,2025-05-25,福岡県,5861,48.04
2025,21,5,2025-05-19,2025-05-25,佐賀県,1538,64.08
2025,21,5,2025-05-19,2025-05-25,長崎県,3415,66.96
2025,21,5,2025-05-19,2025-05-25,熊本県,3979,54.51
2025,21,5,2025-05-19,2025-05-25,大分県,3548,61.17
2025,21,5,2025-05-19,2025-05-25,宮崎県,1401,50.04
2025,21,5,2025-05-19,2025-05-25,鹿児島県,3825,67.11
2025,21,5,2025-05-19,2025-05-25,沖縄県,2404,53.42
2025,22,5,2025-05-26,2025-06-01,総数,225623,58.63
2025,22,5,2025-05-26,2025-06-01,北海道,9579,57.02
2025,22,5,2025-05-26,2025-06-01,青森県,3241,62.33
2025,22,5,2025-05-26,2025-06-01,岩手県,4272,101.71
2025,22,5,2025-05-26,2025-06-01,宮城県,4268,79.04
2025,22,5,2025-05-26,2025-06-01,秋田県,1447,57.88
2025,22,5,2025-05-26,2025-06-01,山形県,2992,78.74
2025,22,5,2025-05-26,2025-06-01,福島県,3652,76.08
2025,22,5,2025-05-26,2025-06-01,茨城県,4776,70.24
2025,22,5,2025-05-26,2025-06-01,栃木県,3841,81.72
2025,22,5,2025-05-26,2025-06-01,群馬県,3770,83.78
2025,22,5,2025-05-26,2025-06-01,埼玉県,14218,80.78
2025,22,5,2025-05-26,2025-06-01,千葉県,12222,66.79
2025,22,5,2025-05-26,2025-06-01,東京都,23456,55.98
2025,22,5,2025-05-26,2025-06-01,神奈川県,16176,67.68
2025,22,5,2025-05-26,2025-06-01,新潟県,3582,68.88
2025,22,5,2025-05-26,2025-06-01,富山県,3403,70.9
2025,22,5,2025-05-26,2025-06-01,石川県,2458,51.21
2025,22,5,2025-05-26,2025-06-01,福井県,1449,37.15
2025,22,5,2025-05-26,2025-06-01,山梨県,1223,34.94
2025,22,5,2025-05-26,2025-06-01,長野県,4469,55.17
2025,22,5,2025-05-26,2025-06-01,岐阜県,1663,36.96
2025,22,5,2025-05-26,2025-06-01,静岡県,5949,42.8
2025,22,5,2025-05-26,2025-06-01,愛知県,10508,64.86
2025,22,5,2025-05-26,2025-06-01,三重県,2867,40.96
2025,22,5,2025-05-26,2025-06-01,滋賀県,2965,51.12
2025,22,5,2025-05-26,2025-06-01,京都府,3461,54.94
2025,22,5,2025-05-26,2025-06-01,大阪府,11272,38.6
2025,22,5,2025-05-26,2025-06-01,兵庫県,8634,52.97
2025,22,5,2025-05-26,2025-06-01,奈良県,1909,46.56
2025,22,5,2025-05-26,2025-06-01,和歌山県,1824,40.53
2025,22,5,2025-05-26,2025-06-01,鳥取県,1776,61.24
2025,22,5,2025-05-26,2025-06-01,島根県,1171,58.55
2025,22,5,2025-05-26,2025-06-01,岡山県,3078,61.56
2025,22,5,2025-05-26,2025-06-01,広島県,4950,53.23
2025,22,5,2025-05-26,2025-06-01,山口県,4510,71.59
2025,22,5,2025-05-26,2025-06-01,徳島県,1487,43.74
2025,22,5,2025-05-26,2025-06-01,香川県,1932,48.3
2025,22,5,2025-05-26,2025-06-01,愛媛県,2911,76.61
2025,22,5,2025-05-26,2025-06-01,高知県,1613,42.45
2025,22,5,2025-05-26,2025-06-01,福岡県,6072,49.77
2025,22,5,2025-05-26,2025-06-01,佐賀県,1571,65.46
2025,22,5,2025-05-26,2025-06-01,長崎県,3366,66.0
2025,22,5,2025-05-26,2025-06-01,熊本県,4087,55.99
2025,22,5,2025-05-26,2025-06-01,大分県,3465,59.74
2025,22,5,2025-05-26,2025-06-01,宮崎県,1452,51.86
2025,22,5,2025-05-26,2025-06-01,鹿児島県,4069,71.39
2025,22,5,2025-05-26,2025-06-01,沖縄県,2567,57.04
2025,23,6,2025-06-02,2025-06-08,総数,231814,60.24
2025,23,6,2025-06-02,2025-06-08,北海道,9689,57.67
2025,23,6,2025-06-02,2025-06-08,青森県,3188,61.31
2025,23,6,2025-06-02,2025-06-08,岩手県,3957,96.51
2025,23,6,2025-06-02,2025-06-08,宮城県,4353,80.61
2025,23,6,2025-06-02,2025-06-08,秋田県,1535,61.4
2025,23,6,2025-06-02,2025-06-08,山形県,2856,75.16
2025,23,6,2025-06-02,2025-06-08,福島県,3501,72.94
2025,23,6,2025-06-02,2025-06-08,茨城県,4875,71.69
2025,23,6,2025-06-02,2025-06-08,栃木県,3704,78.81
2025,23,6,2025-06-02,2025-06-08,群馬県,3759,83.53
2025,23,6,2025-06-02,2025-06-08,埼玉県,14376,82.62
2025,23,6,2025-06-02,2025-06-08,千葉県,12774,70.19
2025,23,6,2025-06-02,2025-06-08,東京都,24475,58.55
2025,23,6,2025-06-02,2025-06-08,神奈川県,17852,73.77
2025,23,6,2025-06-02,2025-06-08,新潟県,3382,65.04
2025,23,6,2025-06-02,2025-06-08,富山県,3317,69.1
2025,23,6,2025-06-02,2025-06-08,石川県,2635,56.06
2025,23,6,2025-06-02,2025-06-08,福井県,1480,37.95
2025,23,6,2025-06-02,2025-06-08,山梨県,1307,37.34
2025,23,6,2025-06-02,2025-06-08,長野県,4639,57.27
2025,23,6,2025-06-02,2025-06-08,岐阜県,1733,38.51
2025,23,6,2025-06-02,2025-06-08,静岡県,6537,47.37
2025,23,6,2025-06-02,2025-06-08,愛知県,10669,65.45
2025,23,6,2025-06-02,2025-06-08,三重県,2875,41.67
2025,23,6,2025-06-02,2025-06-08,滋賀県,3132,54.0
2025,23,6,2025-06-02,2025-06-08,京都府,3490,54.53
2025,23,6,2025-06-02,2025-06-08,大阪府,11714,40.12
2025,23,6,2025-06-02,2025-06-08,兵庫県,8457,51.57
2025,23,6,2025-06-02,2025-06-08,奈良県,1917,46.76
2025,23,6,2025-06-02,2025-06-08,和歌山県,1958,43.51
2025,23,6,2025-06-02,2025-06-08,鳥取県,1913,65.97
2025,23,6,2025-06-02,2025-06-08,島根県,1227,61.35
2025,23,6,2025-06-02,2025-06-08,岡山県,2964,59.28
2025,23,6,2025-06-02,2025-06-08,広島県,5050,53.16
2025,23,6,2025-06-02,2025-06-08,山口県,4742,75.27
2025,23,6,2025-06-02,2025-06-08,徳島県,1559,45.85
2025,23,6,2025-06-02,2025-06-08,香川県,1935,48.38
2025,23,6,2025-06-02,2025-06-08,愛媛県,3196,84.11
2025,23,6,2025-06-02,2025-06-08,高知県,1730,45.53
2025,23,6,2025-06-02,2025-06-08,福岡県,6307,51.7
2025,23,6,2025-06-02,2025-06-08,佐賀県,1444,60.17
2025,23,6,2025-06-02,2025-06-08,長崎県,3435,67.35
2025,23,6,2025-06-02,2025-06-08,熊本県,4083,55.93
2025,23,6,2025-06-02,2025-06-08,大分県,3622,62.45
2025,23,6,2025-06-02,2025-06-08,宮崎県,1344,48.0
2025,23,6,2025-06-02,2025-06-08,鹿児島県,4408,77.33
2025,23,6,2025-06-02,2025-06-08,沖縄県,2719,60.42
2025,24,6,2025-06-09,2025-06-15,総数,215699,56.07
2025,24,6,2025-06-09,2025-06-15,北海道,8781,52.27
2025,24,6,2025-06-09,2025-06-15,青森県,2648,50.92
2025,24,6,2025-06-09,2025-06-15,岩手県,3526,86.0
2025,24,6,2025-06-09,2025-06-15,宮城県,3890,72.04
2025,24,6,2025-06-09,2025-06-15,秋田県,1207,48.28
2025,24,6,2025-06-09,2025-06-15,山形県,2445,64.34
2025,24,6,2025-06-09,2025-06-15,福島県,3464,72.17
2025,24,6,2025-06-09,2025-06-15,茨城県,4859,71.46
2025,24,6,2025-06-09,2025-06-15,栃木県,3685,78.4
2025,24,6,2025-06-09,2025-06-15,群馬県,3527,78.38
2025,24,6,2025-06-09,2025-06-15,埼玉県,14159,80.91
2025,24,6,2025-06-09,2025-06-15,千葉県,11816,65.64
2025,24,6,2025-06-09,2025-06-15,東京都,23610,56.48
2025,24,6,2025-06-09,2025-06-15,神奈川県,16839,70.16
2025,24,6,2025-06-09,2025-06-15,新潟県,2929,56.33
2025,24,6,2025-06-09,2025-06-15,富山県,3099,64.56
2025,24,6,2025-06-09,2025-06-15,石川県,2639,56.15
2025,24,6,2025-06-09,2025-06-15,福井県,1412,36.21
2025,24,6,2025-06-09,2025-06-15,山梨県,1236,35.31
2025,24,6,2025-06-09,2025-06-15,長野県,4394,54.25
2025,24,6,2025-06-09,2025-06-15,岐阜県,1646,36.58
2025,24,6,2025-06-09,2025-06-15,静岡県,6096,43.86
2025,24,6,2025-06-09,2025-06-15,愛知県,9823,60.26
2025,24,6,2025-06-09,2025-06-15,三重県,2736,39.09
2025,24,6,2025-06-09,2025-06-15,滋賀県,3017,52.02
2025,24,6,2025-06-09,2025-06-15,京都府,3496,54.63
2025,24,6,2025-06-09,2025-06-15,大阪府,11152,38.19
2025,24,6,2025-06-09,2025-06-15,兵庫県,7766,47.35
2025,24,6,2025-06-09,2025-06-15,奈良県,1842,44.93
2025,24,6,2025-06-09,2025-06-15,和歌山県,1845,41.0
2025,24,6,2025-06-09,2025-06-15,鳥取県,1705,58.79
2025,24,6,2025-06-09,2025-06-15,島根県,1073,53.65
2025,24,6,2025-06-09,2025-06-15,岡山県,2859,57.18
2025,24,6,2025-06-09,2025-06-15,広島県,4523,47.61
2025,24,6,2025-06-09,2025-06-15,山口県,4188,66.48
2025,24,6,2025-06-09,2025-06-15,徳島県,1324,38.94
2025,24,6,2025-06-09,2025-06-15,香川県,1831,45.78
2025,24,6,2025-06-09,2025-06-15,愛媛県,2737,72.03
2025,24,6,2025-06-09,2025-06-15,高知県,1635,43.03
2025,24,6,2025-06-09,2025-06-15,福岡県,5582,45.75
2025,24,6,2025-06-09,2025-06-15,佐賀県,1318,54.92
2025,24,6,2025-06-09,2025-06-15,長崎県,2841,55.71
2025,24,6,2025-06-09,2025-06-15,熊本県,3441,47.14
2025,24,6,2025-06-09,2025-06-15,大分県,3229,55.67
2025,24,6,2025-06-09,2025-06-15,宮崎県,1283,45.82
2025,24,6,2025-06-09,2025-06-15,鹿児島県,3879,68.05
2025,24,6,2025-06-09,2025-06-15,沖縄県,2667,59.27
2025,25,6,2025-06-16,2025-06-22,総数,200018,51.93
2025,25,6,2025-06-16,2025-06-22,北海道,8035,47.83
2025,25,6,2025-06-16,2025-06-22,青森県,2344,45.08
2025,25,6,2025-06-16,2025-06-22,岩手県,3001,73.2
2025,25,6,2025-06-16,2025-06-22,宮城県,3460,64.07
2025,25,6,2025-06-16,2025-06-22,秋田県,1099,43.96
2025,25,6,2025-06-16,2025-06-22,山形県,2158,56.79
2025,25,6,2025-06-16,2025-06-22,福島県,2967,61.81
2025,25,6,2025-06-16,2025-06-22,茨城県,4176,61.41
2025,25,6,2025-06-16,2025-06-22,栃木県,3245,69.04
2025,25,6,2025-06-16,2025-06-22,群馬県,3387,75.27
2025,25,6,2025-06-16,2025-06-22,埼玉県,13089,74.37
2025,25,6,2025-06-16,2025-06-22,千葉県,11066,60.14
2025,25,6,2025-06-16,2025-06-22,東京都,22333,53.43
2025,25,6,2025-06-16,2025-06-22,神奈川県,15659,65.25
2025,25,6,2025-06-16,2025-06-22,新潟県,2769,53.25
2025,25,6,2025-06-16,2025-06-22,富山県,2692,56.08
2025,25,6,2025-06-16,2025-06-22,石川県,2331,49.6
2025,25,6,2025-06-16,2025-06-22,福井県,1160,29.74
2025,25,6,2025-06-16,2025-06-22,山梨県,1007,28.77
2025,25,6,2025-06-16,2025-06-22,長野県,3650,45.06
2025,25,6,2025-06-16,2025-06-22,岐阜県,1458,32.4
2025,25,6,2025-06-16,2025-06-22,静岡県,5950,42.81
2025,25,6,2025-06-16,2025-06-22,愛知県,9248,56.74
2025,25,6,2025-06-16,2025-06-22,三重県,2561,36.59
2025,25,6,2025-06-16,2025-06-22,滋賀県,2777,47.88
2025,25,6,2025-06-16,2025-06-22,京都府,3058,47.78
2025,25,6,2025-06-16,2025-06-22,大阪府,11226,38.45
2025,25,6,2025-06-16,2025-06-22,兵庫県,7737,47.18
2025,25,6,2025-06-16,2025-06-22,奈良県,1535,37.44
2025,25,6,2025-06-16,2025-06-22,和歌山県,1777,39.49
2025,25,6,2025-06-16,2025-06-22,鳥取県,1408,48.55
2025,25,6,2025-06-16,2025-06-22,島根県,1018,50.9
2025,25,6,2025-06-16,2025-06-22,岡山県,2469,49.38
2025,25,6,2025-06-16,2025-06-22,広島県,4017,42.28
2025,25,6,2025-06-16,2025-06-22,山口県,3746,59.46
2025,25,6,2025-06-16,2025-06-22,徳島県,1241,36.5
2025,25,6,2025-06-16,2025-06-22,香川県,1728,43.2
2025,25,6,2025-06-16,2025-06-22,愛媛県,2585,68.03
2025,25,6,2025-06-16,2025-06-22,高知県,1467,38.61
2025,25,6,2025-06-16,2025-06-22,福岡県,5357,43.91
2025,25,6,2025-06-16,2025-06-22,佐賀県,1167,48.63
2025,25,6,2025-06-16,2025-06-22,長崎県,2813,55.16
2025,25,6,2025-06-16,2025-06-22,熊本県,3227,44.21
2025,25,6,2025-06-16,2025-06-22,大分県,3149,54.29
2025,25,6,2025-06-16,2025-06-22,宮崎県,1235,44.11
2025,25,6,2025-06-16,2025-06-22,鹿児島県,3383,59.35
2025,25,6,2025-06-16,2025-06-22,沖縄県,3053,67.84
2025,26,6,2025-06-23,2025-06-29,総数,194889,50.58
2025,26,6,2025-06-23,2025-06-29,北海道,7158,42.61
2025,26,6,2025-06-23,2025-06-29,青森県,2198,42.27
2025,26,6,2025-06-23,2025-06-29,岩手県,2900,70.73
2025,26,6,2025-06-23,2025-06-29,宮城県,3401,62.98
2025,26,6,2025-06-23,2025-06-29,秋田県,1046,41.84
2025,26,6,2025-06-23,2025-06-29,山形県,2179,57.34
2025,26,6,2025-06-23,2025-06-29,福島県,2772,57.75
2025,26,6,2025-06-23,2025-06-29,茨城県,4549,66.9
2025,26,6,2025-06-23,2025-06-29,栃木県,3450,73.4
2025,26,6,2025-06-23,2025-06-29,群馬県,3261,72.47
2025,26,6,2025-06-23,2025-06-29,埼玉県,12994,73.83
2025,26,6,2025-06-23,2025-06-29,千葉県,11030,59.95
2025,26,6,2025-06-23,2025-06-29,東京都,21803,52.29
2025,26,6,2025-06-23,2025-06-29,神奈川県,15370,63.51
2025,26,6,2025-06-23,2025-06-29,新潟県,2674,51.42
2025,26,6,2025-06-23,2025-06-29,富山県,2619,54.56
2025,26,6,2025-06-23,2025-06-29,石川県,2216,47.15
2025,26,6,2025-06-23,2025-06-29,福井県,1192,30.56
2025,26,6,2025-06-23,2025-06-29,山梨県,1030,29.43
2025,26,6,2025-06-23,2025-06-29,長野県,3550,43.83
2025,26,6,2025-06-23,2025-06-29,岐阜県,1425,31.67
2025,26,6,2025-06-23,2025-06-29,静岡県,5362,38.58
2025,26,6,2025-06-23,2025-06-29,愛知県,9098,55.82
2025,26,6,2025-06-23,2025-06-29,三重県,2818,40.26
2025,26,6,2025-06-23,2025-06-29,滋賀県,2466,42.52
2025,26,6,2025-06-23,2025-06-29,京都府,2937,45.89
2025,26,6,2025-06-23,2025-06-29,大阪府,10330,35.38
2025,26,6,2025-06-23,2025-06-29,兵庫県,7508,45.5
2025,26,6,2025-06-23,2025-06-29,奈良県,1440,36.0
2025,26,6,2025-06-23,2025-06-29,和歌山県,1712,38.04
2025,26,6,2025-06-23,2025-06-29,鳥取県,1332,45.93
2025,26,6,2025-06-23,2025-06-29,島根県,903,45.15
2025,26,6,2025-06-23,2025-06-29,岡山県,2457,49.14
2025,26,6,2025-06-23,2025-06-29,広島県,4167,43.86
2025,26,6,2025-06-23,2025-06-29,山口県,3795,60.24
2025,26,6,2025-06-23,2025-06-29,徳島県,1217,35.79
2025,26,6,2025-06-23,2025-06-29,香川県,1676,41.9
2025,26,6,2025-06-23,2025-06-29,愛媛県,2746,72.26
2025,26,6,2025-06-23,2025-06-29,高知県,1518,39.95
2025,26,6,2025-06-23,2025-06-29,福岡県,5106,41.85
2025,26,6,2025-06-23,2025-06-29,佐賀県,1135,47.29
2025,26,6,2025-06-23,2025-06-29,長崎県,2771,54.33
2025,26,6,2025-06-23,2025-06-29,熊本県,3256,44.6
2025,26,6,2025-06-23,2025-06-29,大分県,2971,51.22
2025,26,6,2025-06-23,2025-06-29,宮崎県,1172,41.86
2025,26,6,2025-06-23,2025-06-29,鹿児島県,3355,58.86
2025,26,6,2025-06-23,2025-06-29,沖縄県,2824,62.76
2025,27,6,2025-06-30,2025-07-06,総数,203039,52.71
2025,27,6,2025-06-30,2025-07-06,北海道,6782,40.37
2025,27,6,2025-06-30,2025-07-06,青森県,2087,40.13
2025,27,6,2025-06-30,2025-07-06,岩手県,2948,71.9
2025,27,6,2025-06-30,2025-07-06,宮城県,3677,68.09
2025,27,6,2025-06-30,2025-07-06,秋田県,1157,46.28
2025,27,6,2025-06-30,2025-07-06,山形県,2173,57.18
2025,27,6,2025-06-30,2025-07-06,福島県,3351,69.81
2025,27,6,2025-06-30,2025-07-06,茨城県,4606,67.74
2025,27,6,2025-06-30,2025-07-06,栃木県,3657,77.81
2025,27,6,2025-06-30,2025-07-06,群馬県,3451,76.69
2025,27,6,2025-06-30,2025-07-06,埼玉県,13393,76.1
2025,27,6,2025-06-30,2025-07-06,千葉県,11957,64.28
2025,27,6,2025-06-30,2025-07-06,東京都,22706,54.32
2025,27,6,2025-06-30,2025-07-06,神奈川県,16073,66.97
2025,27,6,2025-06-30,2025-07-06,新潟県,2601,51.0
2025,27,6,2025-06-30,2025-07-06,富山県,2565,53.44
2025,27,6,2025-06-30,2025-07-06,石川県,2271,48.32
2025,27,6,2025-06-30,2025-07-06,福井県,1117,28.64
2025,27,6,2025-06-30,2025-07-06,山梨県,1166,33.31
2025,27,6,2025-06-30,2025-07-06,長野県,3571,44.09
2025,27,6,2025-06-30,2025-07-06,岐阜県,1547,34.38
2025,27,6,2025-06-30,2025-07-06,静岡県,6068,43.65
2025,27,6,2025-06-30,2025-07-06,愛知県,9748,59.8
2025,27,6,2025-06-30,2025-07-06,三重県,2900,41.43
2025,27,6,2025-06-30,2025-07-06,滋賀県,2747,47.36
2025,27,6,2025-06-30,2025-07-06,京都府,2965,46.33
2025,27,6,2025-06-30,2025-07-06,大阪府,10923,37.41
2025,27,6,2025-06-30,2025-07-06,兵庫県,7674,46.79
2025,27,6,2025-06-30,2025-07-06,奈良県,1528,37.27
2025,27,6,2025-06-30,2025-07-06,和歌山県,1779,39.53
2025,27,6,2025-06-30,2025-07-06,鳥取県,1254,43.24
2025,27,6,2025-06-30,2025-07-06,島根県,957,47.85
2025,27,6,2025-06-30,2025-07-06,岡山県,2609,52.18
2025,27,6,2025-06-30,2025-07-06,広島県,4195,44.63
2025,27,6,2025-06-30,2025-07-06,山口県,3650,57.94
2025,27,6,2025-06-30,2025-07-06,徳島県,1324,38.94
2025,27,6,2025-06-30,2025-07-06,香川県,1800,45.0
2025,27,6,2025-06-30,2025-07-06,愛媛県,2642,69.53
2025,27,6,2025-06-30,2025-07-06,高知県,1538,40.47
2025,27,6,2025-06-30,2025-07-06,福岡県,5178,42.44
2025,27,6,2025-06-30,2025-07-06,佐賀県,1115,46.46
2025,27,6,2025-06-30,2025-07-06,長崎県,2859,56.06
2025,27,6,2025-06-30,2025-07-06,熊本県,3455,47.33
2025,27,6,2025-06-30,2025-07-06,大分県,3424,59.03
2025,27,6,2025-06-30,2025-07-06,宮崎県,1262,45.07
2025,27,6,2025-06-30,2025-07-06,鹿児島県,3403,59.7
2025,27,6,2025-06-30,2025-07-06,沖縄県,3186,70.8
2025,28,7,2025-07-07,2025-07-13,総数,202794,52.66
2025,28,7,2025-07-07,2025-07-13,北海道,6572,39.12
2025,28,7,2025-07-07,2025-07-13,青森県,2195,42.21
2025,28,7,2025-07-07,2025-07-13,岩手県,3002,73.22
2025,28,7,2025-07-07,2025-07-13,宮城県,3825,70.83
2025,28,7,2025-07-07,2025-07-13,秋田県,1108,44.32
2025,28,7,2025-07-07,2025-07-13,山形県,2214,59.84
2025,28,7,2025-07-07,2025-07-13,福島県,2917,60.77
2025,28,7,2025-07-07,2025-07-13,茨城県,4398,64.68
2025,28,7,2025-07-07,2025-07-13,栃木県,3490,74.26
2025,28,7,2025-07-07,2025-07-13,群馬県,3340,74.22
2025,28,7,2025-07-07,2025-07-13,埼玉県,13460,76.48
2025,28,7,2025-07-07,2025-07-13,千葉県,11688,62.84
2025,28,7,2025-07-07,2025-07-13,東京都,22826,54.48
2025,28,7,2025-07-07,2025-07-13,神奈川県,16049,67.43
2025,28,7,2025-07-07,2025-07-13,新潟県,2759,53.06
2025,28,7,2025-07-07,2025-07-13,富山県,2770,57.71
2025,28,7,2025-07-07,2025-07-13,石川県,2240,47.66
2025,28,7,2025-07-07,2025-07-13,福井県,1112,28.51
2025,28,7,2025-07-07,2025-07-13,山梨県,1068,30.51
2025,28,7,2025-07-07,2025-07-13,長野県,3663,45.22
2025,28,7,2025-07-07,2025-07-13,岐阜県,1543,34.29
2025,28,7,2025-07-07,2025-07-13,静岡県,6265,45.07
2025,28,7,2025-07-07,2025-07-13,愛知県,9544,58.55
2025,28,7,2025-07-07,2025-07-13,三重県,2905,41.5
2025,28,7,2025-07-07,2025-07-13,滋賀県,2625,45.26
2025,28,7,2025-07-07,2025-07-13,京都府,3159,49.36
2025,28,7,2025-07-07,2025-07-13,大阪府,11051,37.98
2025,28,7,2025-07-07,2025-07-13,兵庫県,7794,47.24
2025,28,7,2025-07-07,2025-07-13,奈良県,1531,37.34
2025,28,7,2025-07-07,2025-07-13,和歌山県,1873,41.62
2025,28,7,2025-07-07,2025-07-13,鳥取県,1339,46.17
2025,28,7,2025-07-07,2025-07-13,島根県,986,49.3
2025,28,7,2025-07-07,2025-07-13,岡山県,2611,52.22
2025,28,7,2025-07-07,2025-07-13,広島県,4249,44.73
2025,28,7,2025-07-07,2025-07-13,山口県,3620,57.46
2025,28,7,2025-07-07,2025-07-13,徳島県,1215,35.74
2025,28,7,2025-07-07,2025-07-13,香川県,1886,47.15
2025,28,7,2025-07-07,2025-07-13,愛媛県,2500,65.79
2025,28,7,2025-07-07,2025-07-13,高知県,1597,42.03
2025,28,7,2025-07-07,2025-07-13,福岡県,5267,43.17
2025,28,7,2025-07-07,2025-07-13,佐賀県,1041,43.38
2025,28,7,2025-07-07,2025-07-13,長崎県,2940,57.65
2025,28,7,2025-07-07,2025-07-13,熊本県,3417,47.46
2025,28,7,2025-07-07,2025-07-13,大分県,3294,56.79
2025,28,7,2025-07-07,2025-07-13,宮崎県,1291,46.11
2025,28,7,2025-07-07,2025-07-13,鹿児島県,3486,61.16
2025,28,7,2025-07-07,2025-07-13,沖縄県,3069,68.2
2025,29,7,2025-07-14,2025-07-20,総数,207629,54.03
2025,29,7,2025-07-14,2025-07-20,北海道,7665,45.9
2025,29,7,2025-07-14,2025-07-20,青森県,2384,45.85
2025,29,7,2025-07-14,2025-07-20,岩手県,3227,78.71
2025,29,7,2025-07-14,2025-07-20,宮城県,3756,69.56
2025,29,7,2025-07-14,2025-07-20,秋田県,1236,49.44
2025,29,7,2025-07-14,2025-07-20,山形県,2443,64.29
2025,29,7,2025-07-14,2025-07-20,福島県,2973,61.94
2025,29,7,2025-07-14,2025-07-20,茨城県,4686,68.91
2025,29,7,2025-07-14,2025-07-20,栃木県,3786,80.55
2025,29,7,2025-07-14,2025-07-20,群馬県,3747,83.27
2025,29,7,2025-07-14,2025-07-20,埼玉県,13715,78.82
2025,29,7,2025-07-14,2025-07-20,千葉県,12144,65.29
2025,29,7,2025-07-14,2025-07-20,東京都,22743,54.8
2025,29,7,2025-07-14,2025-07-20,神奈川県,15944,66.99
2025,29,7,2025-07-14,2025-07-20,新潟県,2773,54.37
2025,29,7,2025-07-14,2025-07-20,富山県,2756,57.42
2025,29,7,2025-07-14,2025-07-20,石川県,2331,49.6
2025,29,7,2025-07-14,2025-07-20,福井県,1278,32.77
2025,29,7,2025-07-14,2025-07-20,山梨県,1143,32.66
2025,29,7,2025-07-14,2025-07-20,長野県,4050,50.0
2025,29,7,2025-07-14,2025-07-20,岐阜県,1566,34.8
2025,29,7,2025-07-14,2025-07-20,静岡県,6142,44.19
2025,29,7,2025-07-14,2025-07-20,愛知県,9634,59.1
2025,29,7,2025-07-14,2025-07-20,三重県,3113,44.47
2025,29,7,2025-07-14,2025-07-20,滋賀県,2861,49.33
2025,29,7,2025-07-14,2025-07-20,京都府,3273,51.14
2025,29,7,2025-07-14,2025-07-20,大阪府,11125,38.1
2025,29,7,2025-07-14,2025-07-20,兵庫県,7761,47.04
2025,29,7,2025-07-14,2025-07-20,奈良県,1654,40.34
2025,29,7,2025-07-14,2025-07-20,和歌山県,1792,39.82
2025,29,7,2025-07-14,2025-07-20,鳥取県,1412,48.69
2025,29,7,2025-07-14,2025-07-20,島根県,1003,50.15
2025,29,7,2025-07-14,2025-07-20,岡山県,2585,51.7
2025,29,7,2025-07-14,2025-07-20,広島県,4203,44.24
2025,29,7,2025-07-14,2025-07-20,山口県,3653,57.98
2025,29,7,2025-07-14,2025-07-20,徳島県,1284,37.76
2025,29,7,2025-07-14,2025-07-20,香川県,1734,43.35
2025,29,7,2025-07-14,2025-07-20,愛媛県,2550,67.11
2025,29,7,2025-07-14,2025-07-20,高知県,1486,39.11
2025,29,7,2025-07-14,2025-07-20,福岡県,5394,44.58
2025,29,7,2025-07-14,2025-07-20,佐賀県,1159,48.29
2025,29,7,2025-07-14,2025-07-20,長崎県,2762,55.24
2025,29,7,2025-07-14,2025-07-20,熊本県,3534,49.08
2025,29,7,2025-07-14,2025-07-20,大分県,3414,58.86
2025,29,7,2025-07-14,2025-07-20,宮崎県,1320,47.14
2025,29,7,2025-07-14,2025-07-20,鹿児島県,3553,62.33
2025,29,7,2025-07-14,2025-07-20,沖縄県,2882,64.04
2025,30,7,2025-07-21,2025-07-27,総数,185656,48.2
2025,30,7,2025-07-21,2025-07-27,北海道,6333,37.92
2025,30,7,2025-07-21,2025-07-27,青森県,1982,38.12
2025,30,7,2025-07-21,2025-07-27,岩手県,2735,66.71
2025,30,7,2025-07-21,2025-07-27,宮城県,3239,58.89
2025,30,7,2025-07-21,2025-07-27,秋田県,1068,42.72
2025,30,7,2025-07-21,2025-07-27,山形県,2067,54.39
2025,30,7,2025-07-21,2025-07-27,福島県,2666,55.54
2025,30,7,2025-07-21,2025-07-27,茨城県,4423,65.04
2025,30,7,2025-07-21,2025-07-27,栃木県,3358,71.45
2025,30,7,2025-07-21,2025-07-27,群馬県,3235,71.89
2025,30,7,2025-07-21,2025-07-27,埼玉県,12394,71.23
2025,30,7,2025-07-21,2025-07-27,千葉県,10519,56.86
2025,30,7,2025-07-21,2025-07-27,東京都,20736,49.49
2025,30,7,2025-07-21,2025-07-27,神奈川県,14703,60.76
2025,30,7,2025-07-21,2025-07-27,新潟県,2532,48.69
2025,30,7,2025-07-21,2025-07-27,富山県,2313,48.19
2025,30,7,2025-07-21,2025-07-27,石川県,1880,40.0
2025,30,7,2025-07-21,2025-07-27,福井県,1106,28.36
2025,30,7,2025-07-21,2025-07-27,山梨県,1012,28.91
2025,30,7,2025-07-21,2025-07-27,長野県,3607,44.53
2025,30,7,2025-07-21,2025-07-27,岐阜県,1502,33.38
2025,30,7,2025-07-21,2025-07-27,静岡県,5835,41.98
2025,30,7,2025-07-21,2025-07-27,愛知県,8945,54.88
2025,30,7,2025-07-21,2025-07-27,三重県,2726,38.94
2025,30,7,2025-07-21,2025-07-27,滋賀県,2585,44.57
2025,30,7,2025-07-21,2025-07-27,京都府,2858,44.66
2025,30,7,2025-07-21,2025-07-27,大阪府,9547,32.81
2025,30,7,2025-07-21,2025-07-27,兵庫県,6790,41.15
2025,30,7,2025-07-21,2025-07-27,奈良県,1554,37.9
2025,30,7,2025-07-21,2025-07-27,和歌山県,1649,36.64
2025,30,7,2025-07-21,2025-07-27,鳥取県,1241,42.79
2025,30,7,2025-07-21,2025-07-27,島根県,835,41.75
2025,30,7,2025-07-21,2025-07-27,岡山県,2376,47.52
2025,30,7,2025-07-21,2025-07-27,広島県,3918,41.24
2025,30,7,2025-07-21,2025-07-27,山口県,3028,48.06
2025,30,7,2025-07-21,2025-07-27,徳島県,1197,35.21
2025,30,7,2025-07-21,2025-07-27,香川県,1501,37.53
2025,30,7,2025-07-21,2025-07-27,愛媛県,2324,61.16
2025,30,7,2025-07-21,2025-07-27,高知県,1314,34.58
2025,30,7,2025-07-21,2025-07-27,福岡県,5427,44.48
2025,30,7,2025-07-21,2025-07-27,佐賀県,935,38.96
2025,30,7,2025-07-21,2025-07-27,長崎県,2420,48.4
2025,30,7,2025-07-21,2025-07-27,熊本県,3299,45.82
2025,30,7,2025-07-21,2025-07-27,大分県,2883,49.71
2025,30,7,2025-07-21,2025-07-27,宮崎県,1279,45.68
2025,30,7,2025-07-21,2025-07-27,鹿児島県,3331,58.44
2025,30,7,2025-07-21,2025-07-27,沖縄県,2449,54.42
2025,31,7,2025-07-28,2025-08-03,総数,202888,52.82
2025,31,7,2025-07-28,2025-08-03,北海道,6887,41.24
2025,31,7,2025-07-28,2025-08-03,青森県,2055,39.52
2025,31,7,2025-07-28,2025-08-03,岩手県,3155,76.95
2025,31,7,2025-07-28,2025-08-03,宮城県,3499,64.8
2025,31,7,2025-07-28,2025-08-03,秋田県,1145,45.8
2025,31,7,2025-07-28,2025-08-03,山形県,2429,63.92
2025,31,7,2025-07-28,2025-08-03,福島県,2733,56.94
2025,31,7,2025-07-28,2025-08-03,茨城県,4674,68.74
2025,31,7,2025-07-28,2025-08-03,栃木県,3550,75.53
2025,31,7,2025-07-28,2025-08-03,群馬県,3628,80.62
2025,31,7,2025-07-28,2025-08-03,埼玉県,13085,74.77
2025,31,7,2025-07-28,2025-08-03,千葉県,11662,62.36
2025,31,7,2025-07-28,2025-08-03,東京都,22203,52.99
2025,31,7,2025-07-28,2025-08-03,神奈川県,14909,65.39
2025,31,7,2025-07-28,2025-08-03,新潟県,2989,57.48
2025,31,7,2025-07-28,2025-08-03,富山県,2562,53.38
2025,31,7,2025-07-28,2025-08-03,石川県,2138,45.49
2025,31,7,2025-07-28,2025-08-03,福井県,1184,30.36
2025,31,7,2025-07-28,2025-08-03,山梨県,1233,35.23
2025,31,7,2025-07-28,2025-08-03,長野県,4128,50.96
2025,31,7,2025-07-28,2025-08-03,岐阜県,1635,36.33
2025,31,7,2025-07-28,2025-08-03,静岡県,6752,48.58
2025,31,7,2025-07-28,2025-08-03,愛知県,10065,61.75
2025,31,7,2025-07-28,2025-08-03,三重県,3079,43.99
2025,31,7,2025-07-28,2025-08-03,滋賀県,2793,48.16
2025,31,7,2025-07-28,2025-08-03,京都府,2851,44.55
2025,31,7,2025-07-28,2025-08-03,大阪府,10565,36.31
2025,31,7,2025-07-28,2025-08-03,兵庫県,7237,43.86
2025,31,7,2025-07-28,2025-08-03,奈良県,1501,35.74
2025,31,7,2025-07-28,2025-08-03,和歌山県,1805,40.11
2025,31,7,2025-07-28,2025-08-03,鳥取県,1320,45.52
2025,31,7,2025-07-28,2025-08-03,島根県,1075,53.75
2025,31,7,2025-07-28,2025-08-03,岡山県,2623,52.46
2025,31,7,2025-07-28,2025-08-03,広島県,4348,45.77
2025,31,7,2025-07-28,2025-08-03,山口県,3354,53.24
2025,31,7,2025-07-28,2025-08-03,徳島県,1321,38.85
2025,31,7,2025-07-28,2025-08-03,香川県,1863,46.58
2025,31,7,2025-07-28,2025-08-03,愛媛県,2620,68.95
2025,31,7,2025-07-28,2025-08-03,高知県,1688,44.42
2025,31,7,2025-07-28,2025-08-03,福岡県,5954,48.8
2025,31,7,2025-07-28,2025-08-03,佐賀県,1153,48.04
2025,31,7,2025-07-28,2025-08-03,長崎県,2905,56.96
2025,31,7,2025-07-28,2025-08-03,熊本県,3639,50.54
2025,31,7,2025-07-28,2025-08-03,大分県,2998,51.69
2025,31,7,2025-07-28,2025-08-03,宮崎県,1641,58.61
2025,31,7,2025-07-28,2025-08-03,鹿児島県,3733,66.66
2025,31,7,2025-07-28,2025-08-03,沖縄県,2522,56.04
2025,32,8,2025-08-04,2025-08-10,総数,198058,52.49
2025,32,8,2025-08-04,2025-08-10,北海道,6596,40.47
2025,32,8,2025-08-04,2025-08-10,青森県,2294,44.98
2025,32,8,2025-08-04,2025-08-10,岩手県,3312,80.78
2025,32,8,2025-08-04,2025-08-10,宮城県,3315,61.39
2025,32,8,2025-08-04,2025-08-10,秋田県,1346,53.84
2025,32,8,2025-08-04,2025-08-10,山形県,2518,66.26
2025,32,8,2025-08-04,2025-08-10,福島県,2552,53.17
2025,32,8,2025-08-04,2025-08-10,茨城県,4319,63.51
2025,32,8,2025-08-04,2025-08-10,栃木県,3410,74.13
2025,32,8,2025-08-04,2025-08-10,群馬県,3802,88.42
2025,32,8,2025-08-04,2025-08-10,埼玉県,13303,79.18
2025,32,8,2025-08-04,2025-08-10,千葉県,11738,65.94
2025,32,8,2025-08-04,2025-08-10,東京都,20547,52.02
2025,32,8,2025-08-04,2025-08-10,神奈川県,15084,66.16
2025,32,8,2025-08-04,2025-08-10,新潟県,2894,60.29
2025,32,8,2025-08-04,2025-08-10,富山県,2713,58.98
2025,32,8,2025-08-04,2025-08-10,石川県,1927,41.0
2025,32,8,2025-08-04,2025-08-10,福井県,1220,31.28
2025,32,8,2025-08-04,2025-08-10,山梨県,1035,30.44
2025,32,8,2025-08-04,2025-08-10,長野県,4093,50.53
2025,32,8,2025-08-04,2025-08-10,岐阜県,1736,38.58
2025,32,8,2025-08-04,2025-08-10,静岡県,6055,43.56
2025,32,8,2025-08-04,2025-08-10,愛知県,9620,59.02
2025,32,8,2025-08-04,2025-08-10,三重県,3051,44.22
2025,32,8,2025-08-04,2025-08-10,滋賀県,2323,41.48
2025,32,8,2025-08-04,2025-08-10,京都府,2916,47.8
2025,32,8,2025-08-04,2025-08-10,大阪府,9677,33.25
2025,32,8,2025-08-04,2025-08-10,兵庫県,6677,41.99
2025,32,8,2025-08-04,2025-08-10,奈良県,1564,37.24
2025,32,8,2025-08-04,2025-08-10,和歌山県,1692,37.6
2025,32,8,2025-08-04,2025-08-10,鳥取県,1525,52.59
2025,32,8,2025-08-04,2025-08-10,島根県,1027,51.35
2025,32,8,2025-08-04,2025-08-10,岡山県,2650,53.0
2025,32,8,2025-08-04,2025-08-10,広島県,4182,44.02
2025,32,8,2025-08-04,2025-08-10,山口県,3578,56.79
2025,32,8,2025-08-04,2025-08-10,徳島県,1409,42.7
2025,32,8,2025-08-04,2025-08-10,香川県,1896,47.4
2025,32,8,2025-08-04,2025-08-10,愛媛県,2540,68.65
2025,32,8,2025-08-04,2025-08-10,高知県,1585,41.71
2025,32,8,2025-08-04,2025-08-10,福岡県,5343,43.8
2025,32,8,2025-08-04,2025-08-10,佐賀県,1255,52.29
2025,32,8,2025-08-04,2025-08-10,長崎県,3014,59.1
2025,32,8,2025-08-04,2025-08-10,熊本県,3804,52.83
2025,32,8,2025-08-04,2025-08-10,大分県,3269,56.36
2025,32,8,2025-08-04,2025-08-10,宮崎県,1521,54.32
2025,32,8,2025-08-04,2025-08-10,鹿児島県,3927,68.89
2025,32,8,2025-08-04,2025-08-10,沖縄県,2204,48.98
2025,33,8,2025-08-11,2025-08-17,総数,120683,34.14
2025,33,8,2025-08-11,2025-08-17,北海道,5235,34.44
2025,33,8,2025-08-11,2025-08-17,青森県,1677,33.54
2025,33,8,2025-08-11,2025-08-17,岩手県,1575,38.41
2025,33,8,2025-08-11,2025-08-17,宮城県,1535,27.91
2025,33,8,2025-08-11,2025-08-17,秋田県,936,39.0
2025,33,8,2025-08-11,2025-08-17,山形県,1236,38.63
2025,33,8,2025-08-11,2025-08-17,福島県,2022,42.13
2025,33,8,2025-08-11,2025-08-17,茨城県,3317,53.5
2025,33,8,2025-08-11,2025-08-17,栃木県,1932,52.22
2025,33,8,2025-08-11,2025-08-17,群馬県,1668,50.55
2025,33,8,2025-08-11,2025-08-17,埼玉県,7936,62.0
2025,33,8,2025-08-11,2025-08-17,千葉県,5339,34.01
2025,33,8,2025-08-11,2025-08-17,東京都,12394,35.31
2025,33,8,2025-08-11,2025-08-17,神奈川県,8496,44.95
2025,33,8,2025-08-11,2025-08-17,新潟県,1953,38.29
2025,33,8,2025-08-11,2025-08-17,富山県,1585,36.86
2025,33,8,2025-08-11,2025-08-17,石川県,1538,32.72
2025,33,8,2025-08-11,2025-08-17,福井県,942,24.15
2025,33,8,2025-08-11,2025-08-17,山梨県,602,17.2
2025,33,8,2025-08-11,2025-08-17,長野県,2213,30.74
2025,33,8,2025-08-11,2025-08-17,岐阜県,1194,26.53
2025,33,8,2025-08-11,2025-08-17,静岡県,4037,29.04
2025,33,8,2025-08-11,2025-08-17,愛知県,5703,34.99
2025,33,8,2025-08-11,2025-08-17,三重県,1877,30.27
2025,33,8,2025-08-11,2025-08-17,滋賀県,1714,32.96
2025,33,8,2025-08-11,2025-08-17,京都府,1932,31.67
2025,33,8,2025-08-11,2025-08-17,大阪府,5017,17.24
2025,33,8,2025-08-11,2025-08-17,兵庫県,3027,20.45
2025,33,8,2025-08-11,2025-08-17,奈良県,776,22.82
2025,33,8,2025-08-11,2025-08-17,和歌山県,1214,26.98
2025,33,8,2025-08-11,2025-08-17,鳥取県,1000,34.48
2025,33,8,2025-08-11,2025-08-17,島根県,979,48.95
2025,33,8,2025-08-11,2025-08-17,岡山県,1775,35.5
2025,33,8,2025-08-11,2025-08-17,広島県,2054,24.75
2025,33,8,2025-08-11,2025-08-17,山口県,1956,31.05
2025,33,8,2025-08-11,2025-08-17,徳島県,759,22.32
2025,33,8,2025-08-11,2025-08-17,香川県,1499,37.48
2025,33,8,2025-08-11,2025-08-17,愛媛県,1629,44.03
2025,33,8,2025-08-11,2025-08-17,高知県,1391,36.61
2025,33,8,2025-08-11,2025-08-17,福岡県,3679,30.16
2025,33,8,2025-08-11,2025-08-17,佐賀県,745,31.04
2025,33,8,2025-08-11,2025-08-17,長崎県,1684,33.02
2025,33,8,2025-08-11,2025-08-17,熊本県,2456,34.59
2025,33,8,2025-08-11,2025-08-17,大分県,2493,42.98
2025,33,8,2025-08-11,2025-08-17,宮崎県,1185,43.89
2025,33,8,2025-08-11,2025-08-17,鹿児島県,2737,48.02
2025,33,8,2025-08-11,2025-08-17,沖縄県,2040,45.33
2025,34,8,2025-08-18,2025-08-24,総数,180714,47.57
2025,34,8,2025-08-18,2025-08-24,北海道,6833,41.16
2025,34,8,2025-08-18,2025-08-24,青森県,2369,45.56
2025,34,8,2025-08-18,2025-08-24,岩手県,3015,73.54
2025,34,8,2025-08-18,2025-08-24,宮城県,3431,62.38
2025,34,8,2025-08-18,2025-08-24,秋田県,1110,44.4
2025,34,8,2025-08-18,2025-08-24,山形県,2165,56.97
2025,34,8,2025-08-18,2025-08-24,福島県,2699,56.23
2025,34,8,2025-08-18,2025-08-24,茨城県,4244,62.41
2025,34,8,2025-08-18,2025-08-24,栃木県,3169,68.89
2025,34,8,2025-08-18,2025-08-24,群馬県,3297,74.93
2025,34,8,2025-08-18,2025-08-24,埼玉県,10958,65.23
2025,34,8,2025-08-18,2025-08-24,千葉県,9909,53.85
2025,34,8,2025-08-18,2025-08-24,東京都,16587,41.99
2025,34,8,2025-08-18,2025-08-24,神奈川県,12767,55.27
2025,34,8,2025-08-18,2025-08-24,新潟県,2971,58.25
2025,34,8,2025-08-18,2025-08-24,富山県,2569,54.66
2025,34,8,2025-08-18,2025-08-24,石川県,1983,42.19
2025,34,8,2025-08-18,2025-08-24,福井県,1232,31.59
2025,34,8,2025-08-18,2025-08-24,山梨県,1287,36.77
2025,34,8,2025-08-18,2025-08-24,長野県,3942,49.28
2025,34,8,2025-08-18,2025-08-24,岐阜県,1702,37.82
2025,34,8,2025-08-18,2025-08-24,静岡県,5620,40.72
2025,34,8,2025-08-18,2025-08-24,愛知県,9161,56.2
2025,34,8,2025-08-18,2025-08-24,三重県,2998,43.45
2025,34,8,2025-08-18,2025-08-24,滋賀県,2492,42.97
2025,34,8,2025-08-18,2025-08-24,京都府,2526,40.1
2025,34,8,2025-08-18,2025-08-24,大阪府,8574,29.46
2025,34,8,2025-08-18,2025-08-24,兵庫県,6055,37.15
2025,34,8,2025-08-18,2025-08-24,奈良県,1293,30.79
2025,34,8,2025-08-18,2025-08-24,和歌山県,1642,36.49
2025,34,8,2025-08-18,2025-08-24,鳥取県,1389,47.9
2025,34,8,2025-08-18,2025-08-24,島根県,981,49.05
2025,34,8,2025-08-18,2025-08-24,岡山県,2487,49.74
2025,34,8,2025-08-18,2025-08-24,広島県,4098,43.14
2025,34,8,2025-08-18,2025-08-24,山口県,3253,51.63
2025,34,8,2025-08-18,2025-08-24,徳島県,1498,44.06
2025,34,8,2025-08-18,2025-08-24,香川県,1801,45.03
2025,34,8,2025-08-18,2025-08-24,愛媛県,2174,58.76
2025,34,8,2025-08-18,2025-08-24,高知県,1636,43.05
2025,34,8,2025-08-18,2025-08-24,福岡県,5247,43.01
2025,34,8,2025-08-18,2025-08-24,佐賀県,1133,47.21
2025,34,8,2025-08-18,2025-08-24,長崎県,3098,60.75
2025,34,8,2025-08-18,2025-08-24,熊本県,3422,48.2
2025,34,8,2025-08-18,2025-08-24,大分県,3347,57.71
2025,34,8,2025-08-18,2025-08-24,宮崎県,1363,48.68
2025,34,8,2025-08-18,2025-08-24,鹿児島県,3323,58.3
2025,34,8,2025-08-18,2025-08-24,沖縄県,1864,41.42
2025,35,8,2025-08-25,2025-08-31,総数,191135,49.75
2025,35,8,2025-08-25,2025-08-31,北海道,7542,45.16
2025,35,8,2025-08-25,2025-08-31,青森県,2457,47.25
2025,35,8,2025-08-25,2025-08-31,岩手県,3333,81.29
2025,35,8,2025-08-25,2025-08-31,宮城県,3639,66.16
2025,35,8,2025-08-25,2025-08-31,秋田県,1128,45.12
2025,35,8,2025-08-25,2025-08-31,山形県,2363,62.18
2025,35,8,2025-08-25,2025-08-31,福島県,2997,62.44
2025,35,8,2025-08-25,2025-08-31,茨城県,4101,60.31
2025,35,8,2025-08-25,2025-08-31,栃木県,3359,71.47
2025,35,8,2025-08-25,2025-08-31,群馬県,3618,80.4
2025,35,8,2025-08-25,2025-08-31,埼玉県,11699,66.47
2025,35,8,2025-08-25,2025-08-31,千葉県,9908,53.56
2025,35,8,2025-08-25,2025-08-31,東京都,18729,45.02
2025,35,8,2025-08-25,2025-08-31,神奈川県,13197,55.92
2025,35,8,2025-08-25,2025-08-31,新潟県,2903,56.92
2025,35,8,2025-08-25,2025-08-31,富山県,2809,59.77
2025,35,8,2025-08-25,2025-08-31,石川県,2360,50.21
2025,35,8,2025-08-25,2025-08-31,福井県,1278,32.77
2025,35,8,2025-08-25,2025-08-31,山梨県,1360,38.86
2025,35,8,2025-08-25,2025-08-31,長野県,4238,52.32
2025,35,8,2025-08-25,2025-08-31,岐阜県,1639,36.42
2025,35,8,2025-08-25,2025-08-31,静岡県,6111,43.96
2025,35,8,2025-08-25,2025-08-31,愛知県,9375,57.52
2025,35,8,2025-08-25,2025-08-31,三重県,3059,43.7
2025,35,8,2025-08-25,2025-08-31,滋賀県,2541,43.81
2025,35,8,2025-08-25,2025-08-31,京都府,2857,44.64
2025,35,8,2025-08-25,2025-08-31,大阪府,8897,30.57
2025,35,8,2025-08-25,2025-08-31,兵庫県,6760,41.47
2025,35,8,2025-08-25,2025-08-31,奈良県,1492,35.52
2025,35,8,2025-08-25,2025-08-31,和歌山県,1750,38.89
2025,35,8,2025-08-25,2025-08-31,鳥取県,1574,54.28
2025,35,8,2025-08-25,2025-08-31,島根県,1058,52.9
2025,35,8,2025-08-25,2025-08-31,岡山県,2523,50.46
2025,35,8,2025-08-25,2025-08-31,広島県,4181,44.01
2025,35,8,2025-08-25,2025-08-31,山口県,3636,57.71
2025,35,8,2025-08-25,2025-08-31,徳島県,1503,44.21
2025,35,8,2025-08-25,2025-08-31,香川県,1717,42.93
2025,35,8,2025-08-25,2025-08-31,愛媛県,2293,60.34
2025,35,8,2025-08-25,2025-08-31,高知県,1602,42.16
2025,35,8,2025-08-25,2025-08-31,福岡県,5336,43.74
2025,35,8,2025-08-25,2025-08-31,佐賀県,1050,43.75
2025,35,8,2025-08-25,2025-08-31,長崎県,3210,62.94
2025,35,8,2025-08-25,2025-08-31,熊本県,3544,49.92
2025,35,8,2025-08-25,2025-08-31,大分県,3600,62.07
2025,35,8,2025-08-25,2025-08-31,宮崎県,1601,57.18
2025,35,8,2025-08-25,2025-08-31,鹿児島県,3318,58.21
2025,35,8,2025-08-25,2025-08-31,沖縄県,1890,42.0
2025,36,9,2025-09-01,2025-09-07,総数,207429,53.92
2025,36,9,2025-09-01,2025-09-07,北海道,8181,48.7
2025,36,9,2025-09-01,2025-09-07,青森県,2532,48.69
2025,36,9,2025-09-01,2025-09-07,岩手県,3373,82.27
2025,36,9,2025-09-01,2025-09-07,宮城県,4175,75.91
2025,36,9,2025-09-01,2025-09-07,秋田県,1147,45.88
2025,36,9,2025-09-01,2025-09-07,山形県,2758,72.58
2025,36,9,2025-09-01,2025-09-07,福島県,3313,69.02
2025,36,9,2025-09-01,2025-09-07,茨城県,4055,59.63
2025,36,9,2025-09-01,2025-09-07,栃木県,3650,79.35
2025,36,9,2025-09-01,2025-09-07,群馬県,3802,84.49
2025,36,9,2025-09-01,2025-09-07,埼玉県,12574,71.85
2025,36,9,2025-09-01,2025-09-07,千葉県,9981,53.37
2025,36,9,2025-09-01,2025-09-07,東京都,19468,46.57
2025,36,9,2025-09-01,2025-09-07,神奈川県,14250,59.62
2025,36,9,2025-09-01,2025-09-07,新潟県,3269,62.87
2025,36,9,2025-09-01,2025-09-07,富山県,3107,66.11
2025,36,9,2025-09-01,2025-09-07,石川県,2567,54.62
2025,36,9,2025-09-01,2025-09-07,福井県,1449,37.15
2025,36,9,2025-09-01,2025-09-07,山梨県,1190,34.0
2025,36,9,2025-09-01,2025-09-07,長野県,5060,62.47
2025,36,9,2025-09-01,2025-09-07,岐阜県,1591,35.36
2025,36,9,2025-09-01,2025-09-07,静岡県,6883,49.52
2025,36,9,2025-09-01,2025-09-07,愛知県,10182,62.47
2025,36,9,2025-09-01,2025-09-07,三重県,3174,45.34
2025,36,9,2025-09-01,2025-09-07,滋賀県,2603,45.67
2025,36,9,2025-09-01,2025-09-07,京都府,3317,51.83
2025,36,9,2025-09-01,2025-09-07,大阪府,10643,36.57
2025,36,9,2025-09-01,2025-09-07,兵庫県,7415,45.21
2025,36,9,2025-09-01,2025-09-07,奈良県,1475,35.12
2025,36,9,2025-09-01,2025-09-07,和歌山県,1967,43.71
2025,36,9,2025-09-01,2025-09-07,鳥取県,1781,61.41
2025,36,9,2025-09-01,2025-09-07,島根県,1108,55.4
2025,36,9,2025-09-01,2025-09-07,岡山県,2851,57.02
2025,36,9,2025-09-01,2025-09-07,広島県,4650,49.47
2025,36,9,2025-09-01,2025-09-07,山口県,4295,68.17
2025,36,9,2025-09-01,2025-09-07,徳島県,1433,42.15
2025,36,9,2025-09-01,2025-09-07,香川県,1861,46.53
2025,36,9,2025-09-01,2025-09-07,愛媛県,2832,76.54
2025,36,9,2025-09-01,2025-09-07,高知県,1687,44.39
2025,36,9,2025-09-01,2025-09-07,福岡県,6133,50.27
2025,36,9,2025-09-01,2025-09-07,佐賀県,1230,51.25
2025,36,9,2025-09-01,2025-09-07,長崎県,3592,70.43
2025,36,9,2025-09-01,2025-09-07,熊本県,3826,53.89
2025,36,9,2025-09-01,2025-09-07,大分県,3872,66.76
2025,36,9,2025-09-01,2025-09-07,宮崎県,1558,55.64
2025,36,9,2025-09-01,2025-09-07,鹿児島県,3676,64.49
2025,36,9,2025-09-01,2025-09-07,沖縄県,1893,42.07
2025,37,9,2025-09-08,2025-09-14,総数,229689,59.83
2025,37,9,2025-09-08,2025-09-14,北海道,9809,59.09
2025,37,9,2025-09-08,2025-09-14,青森県,2767,53.21
2025,37,9,2025-09-08,2025-09-14,岩手県,3738,91.17
2025,37,9,2025-09-08,2025-09-14,宮城県,4426,80.47
2025,37,9,2025-09-08,2025-09-14,秋田県,1393,55.72
2025,37,9,2025-09-08,2025-09-14,山形県,2859,75.24
2025,37,9,2025-09-08,2025-09-14,福島県,3222,68.55
2025,37,9,2025-09-08,2025-09-14,茨城県,4769,70.13
2025,37,9,2025-09-08,2025-09-14,栃木県,4095,87.13
2025,37,9,2025-09-08,2025-09-14,群馬県,4065,92.39
2025,37,9,2025-09-08,2025-09-14,埼玉県,14293,81.67
2025,37,9,2025-09-08,2025-09-14,千葉県,11714,64.01
2025,37,9,2025-09-08,2025-09-14,東京都,22690,54.41
2025,37,9,2025-09-08,2025-09-14,神奈川県,15589,65.23
2025,37,9,2025-09-08,2025-09-14,新潟県,3401,65.4
2025,37,9,2025-09-08,2025-09-14,富山県,3207,66.81
2025,37,9,2025-09-08,2025-09-14,石川県,2755,58.62
2025,37,9,2025-09-08,2025-09-14,福井県,1465,37.56
2025,37,9,2025-09-08,2025-09-14,山梨県,1427,40.77
2025,37,9,2025-09-08,2025-09-14,長野県,5264,64.99
2025,37,9,2025-09-08,2025-09-14,岐阜県,1800,40.0
2025,37,9,2025-09-08,2025-09-14,静岡県,7812,56.2
2025,37,9,2025-09-08,2025-09-14,愛知県,10769,66.07
2025,37,9,2025-09-08,2025-09-14,三重県,3572,51.03
2025,37,9,2025-09-08,2025-09-14,滋賀県,3076,53.03
2025,37,9,2025-09-08,2025-09-14,京都府,3523,55.05
2025,37,9,2025-09-08,2025-09-14,大阪府,11738,40.34
2025,37,9,2025-09-08,2025-09-14,兵庫県,8397,51.2
2025,37,9,2025-09-08,2025-09-14,奈良県,1794,42.71
2025,37,9,2025-09-08,2025-09-14,和歌山県,2028,45.07
2025,37,9,2025-09-08,2025-09-14,鳥取県,1791,61.76
2025,37,9,2025-09-08,2025-09-14,島根県,1165,58.25
2025,37,9,2025-09-08,2025-09-14,岡山県,3351,67.02
2025,37,9,2025-09-08,2025-09-14,広島県,5175,55.05
2025,37,9,2025-09-08,2025-09-14,山口県,4431,73.85
2025,37,9,2025-09-08,2025-09-14,徳島県,1566,46.06
2025,37,9,2025-09-08,2025-09-14,香川県,2092,53.64
2025,37,9,2025-09-08,2025-09-14,愛媛県,3002,79.0
2025,37,9,2025-09-08,2025-09-14,高知県,1630,42.89
2025,37,9,2025-09-08,2025-09-14,福岡県,6829,55.98
2025,37,9,2025-09-08,2025-09-14,佐賀県,1430,59.58
2025,37,9,2025-09-08,2025-09-14,長崎県,3882,76.12
2025,37,9,2025-09-08,2025-09-14,熊本県,3885,53.96
2025,37,9,2025-09-08,2025-09-14,大分県,4251,73.29
2025,37,9,2025-09-08,2025-09-14,宮崎県,1496,53.43
2025,37,9,2025-09-08,2025-09-14,鹿児島県,4108,72.07
2025,37,9,2025-09-08,2025-09-14,沖縄県,2148,47.73
2025,38,9,2025-09-15,2025-09-21,総数,203282,53.05
2025,38,9,2025-09-15,2025-09-21,北海道,8667,52.53
2025,38,9,2025-09-15,2025-09-21,青森県,2379,45.75
2025,38,9,2025-09-15,2025-09-21,岩手県,3187,77.73
2025,38,9,2025-09-15,2025-09-21,宮城県,3628,65.96
2025,38,9,2025-09-15,2025-09-21,秋田県,1161,46.44
2025,38,9,2025-09-15,2025-09-21,山形県,2317,60.97
2025,38,9,2025-09-15,2025-09-21,福島県,3014,62.79
2025,38,9,2025-09-15,2025-09-21,茨城県,4217,62.01
2025,38,9,2025-09-15,2025-09-21,栃木県,3564,75.83
2025,38,9,2025-09-15,2025-09-21,群馬県,3935,87.44
2025,38,9,2025-09-15,2025-09-21,埼玉県,13256,75.75
2025,38,9,2025-09-15,2025-09-21,千葉県,10276,56.15
2025,38,9,2025-09-15,2025-09-21,東京都,20863,50.15
2025,38,9,2025-09-15,2025-09-21,神奈川県,13824,58.33
2025,38,9,2025-09-15,2025-09-21,新潟県,2792,53.69
2025,38,9,2025-09-15,2025-09-21,富山県,3051,63.56
2025,38,9,2025-09-15,2025-09-21,石川県,2426,51.62
2025,38,9,2025-09-15,2025-09-21,福井県,1378,35.33
2025,38,9,2025-09-15,2025-09-21,山梨県,989,29.09
2025,38,9,2025-09-15,2025-09-21,長野県,3913,48.91
2025,38,9,2025-09-15,2025-09-21,岐阜県,1491,33.13
2025,38,9,2025-09-15,2025-09-21,静岡県,6950,50.0
2025,38,9,2025-09-15,2025-09-21,愛知県,10240,62.82
2025,38,9,2025-09-15,2025-09-21,三重県,3201,45.73
2025,38,9,2025-09-15,2025-09-21,滋賀県,2555,46.45
2025,38,9,2025-09-15,2025-09-21,京都府,3025,48.79
2025,38,9,2025-09-15,2025-09-21,大阪府,10153,34.89
2025,38,9,2025-09-15,2025-09-21,兵庫県,7731,47.14
2025,38,9,2025-09-15,2025-09-21,奈良県,1663,39.6
2025,38,9,2025-09-15,2025-09-21,和歌山県,1770,39.33
2025,38,9,2025-09-15,2025-09-21,鳥取県,1626,56.07
2025,38,9,2025-09-15,2025-09-21,島根県,1068,53.4
2025,38,9,2025-09-15,2025-09-21,岡山県,2818,56.36
2025,38,9,2025-09-15,2025-09-21,広島県,4497,47.84
2025,38,9,2025-09-15,2025-09-21,山口県,3898,61.87
2025,38,9,2025-09-15,2025-09-21,徳島県,1401,41.21
2025,38,9,2025-09-15,2025-09-21,香川県,2003,50.08
2025,38,9,2025-09-15,2025-09-21,愛媛県,2784,73.26
2025,38,9,2025-09-15,2025-09-21,高知県,1537,40.45
2025,38,9,2025-09-15,2025-09-21,福岡県,6314,51.75
2025,38,9,2025-09-15,2025-09-21,佐賀県,1178,49.08
2025,38,9,2025-09-15,2025-09-21,長崎県,3121,61.2
2025,38,9,2025-09-15,2025-09-21,熊本県,3144,44.28
2025,38,9,2025-09-15,2025-09-21,大分県,3685,63.53
2025,38,9,2025-09-15,2025-09-21,宮崎県,1353,48.32
2025,38,9,2025-09-15,2025-09-21,鹿児島県,3503,61.46
2025,38,9,2025-09-15,2025-09-21,沖縄県,1736,39.45
2025,39,9,2025-09-22,2025-09-28,総数,210468,54.7
2025,39,9,2025-09-22,2025-09-28,北海道,9193,54.72
2025,39,9,2025-09-22,2025-09-28,青森県,2689,51.71
2025,39,9,2025-09-22,2025-09-28,岩手県,3338,81.41
2025,39,9,2025-09-22,2025-09-28,宮城県,4061,73.84
2025,39,9,2025-09-22,2025-09-28,秋田県,1211,48.44
2025,39,9,2025-09-22,2025-09-28,山形県,2572,67.68
2025,39,9,2025-09-22,2025-09-28,福島県,3003,62.56
2025,39,9,2025-09-22,2025-09-28,茨城県,4430,65.15
2025,39,9,2025-09-22,2025-09-28,栃木県,3740,79.57
2025,39,9,2025-09-22,2025-09-28,群馬県,3914,86.98
2025,39,9,2025-09-22,2025-09-28,埼玉県,13657,78.04
2025,39,9,2025-09-22,2025-09-28,千葉県,10822,58.82
2025,39,9,2025-09-22,2025-09-28,東京都,22023,52.69
2025,39,9,2025-09-22,2025-09-28,神奈川県,15188,63.28
2025,39,9,2025-09-22,2025-09-28,新潟県,3087,59.37
2025,39,9,2025-09-22,2025-09-28,富山県,2984,62.17
2025,39,9,2025-09-22,2025-09-28,石川県,2555,54.36
2025,39,9,2025-09-22,2025-09-28,福井県,1339,34.33
2025,39,9,2025-09-22,2025-09-28,山梨県,1152,32.91
2025,39,9,2025-09-22,2025-09-28,長野県,4095,50.56
2025,39,9,2025-09-22,2025-09-28,岐阜県,1590,35.33
2025,39,9,2025-09-22,2025-09-28,静岡県,6651,47.85
2025,39,9,2025-09-22,2025-09-28,愛知県,10908,66.92
2025,39,9,2025-09-22,2025-09-28,三重県,3232,46.17
2025,39,9,2025-09-22,2025-09-28,滋賀県,2812,48.48
2025,39,9,2025-09-22,2025-09-28,京都府,3384,53.71
2025,39,9,2025-09-22,2025-09-28,大阪府,10130,34.81
2025,39,9,2025-09-22,2025-09-28,兵庫県,7735,47.16
2025,39,9,2025-09-22,2025-09-28,奈良県,1626,38.71
2025,39,9,2025-09-22,2025-09-28,和歌山県,1628,36.18
2025,39,9,2025-09-22,2025-09-28,鳥取県,1601,55.21
2025,39,9,2025-09-22,2025-09-28,島根県,1109,55.45
2025,39,9,2025-09-22,2025-09-28,岡山県,2745,54.9
2025,39,9,2025-09-22,2025-09-28,広島県,4714,50.15
2025,39,9,2025-09-22,2025-09-28,山口県,3748,59.49
2025,39,9,2025-09-22,2025-09-28,徳島県,1415,41.62
2025,39,9,2025-09-22,2025-09-28,香川県,1869,46.73
2025,39,9,2025-09-22,2025-09-28,愛媛県,2676,72.32
2025,39,9,2025-09-22,2025-09-28,高知県,1497,39.39
2025,39,9,2025-09-22,2025-09-28,福岡県,6143,50.35
2025,39,9,2025-09-22,2025-09-28,佐賀県,1124,46.83
2025,39,9,2025-09-22,2025-09-28,長崎県,3323,65.16
2025,39,9,2025-09-22,2025-09-28,熊本県,3552,49.33
2025,39,9,2025-09-22,2025-09-28,大分県,3699,63.78
2025,39,9,2025-09-22,2025-09-28,宮崎県,1247,44.54
2025,39,9,2025-09-22,2025-09-28,鹿児島県,3306,58.0
2025,39,9,2025-09-22,2025-09-28,沖縄県,1951,43.36
2025,40,9,2025-09-29,2025-10-05,総数,226261,58.86
2025,40,9,2025-09-29,2025-10-05,北海道,10318,61.78
2025,40,9,2025-09-29,2025-10-05,青森県,2773,53.33
2025,40,9,2025-09-29,2025-10-05,岩手県,3961,96.61
2025,40,9,2025-09-29,2025-10-05,宮城県,4233,76.96
2025,40,9,2025-09-29,2025-10-05,秋田県,1219,48.76
2025,40,9,2025-09-29,2025-10-05,山形県,2795,73.55
2025,40,9,2025-09-29,2025-10-05,福島県,3387,70.56
2025,40,9,2025-09-29,2025-10-05,茨城県,4643,68.28
2025,40,9,2025-09-29,2025-10-05,栃木県,3665,77.98
2025,40,9,2025-09-29,2025-10-05,群馬県,4430,98.44
2025,40,9,2025-09-29,2025-10-05,埼玉県,14119,80.68
2025,40,9,2025-09-29,2025-10-05,千葉県,12183,65.5
2025,40,9,2025-09-29,2025-10-05,東京都,24051,57.68
2025,40,9,2025-09-29,2025-10-05,神奈川県,16675,70.36
2025,40,9,2025-09-29,2025-10-05,新潟県,3167,60.9
2025,40,9,2025-09-29,2025-10-05,富山県,3371,70.23
2025,40,9,2025-09-29,2025-10-05,石川県,2493,53.04
2025,40,9,2025-09-29,2025-10-05,福井県,1344,34.46
2025,40,9,2025-09-29,2025-10-05,山梨県,1190,34.0
2025,40,9,2025-09-29,2025-10-05,長野県,4940,60.99
2025,40,9,2025-09-29,2025-10-05,岐阜県,1664,36.98
2025,40,9,2025-09-29,2025-10-05,静岡県,6805,48.96
2025,40,9,2025-09-29,2025-10-05,愛知県,11349,69.63
2025,40,9,2025-09-29,2025-10-05,三重県,3064,43.77
2025,40,9,2025-09-29,2025-10-05,滋賀県,2753,47.47
2025,40,9,2025-09-29,2025-10-05,京都府,3672,58.29
2025,40,9,2025-09-29,2025-10-05,大阪府,11152,38.32
2025,40,9,2025-09-29,2025-10-05,兵庫県,8369,51.03
2025,40,9,2025-09-29,2025-10-05,奈良県,1801,43.93
2025,40,9,2025-09-29,2025-10-05,和歌山県,1907,42.38
2025,40,9,2025-09-29,2025-10-05,鳥取県,1672,57.66
2025,40,9,2025-09-29,2025-10-05,島根県,1197,59.85
2025,40,9,2025-09-29,2025-10-05,岡山県,2898,57.96
2025,40,9,2025-09-29,2025-10-05,広島県,4976,52.94
2025,40,9,2025-09-29,2025-10-05,山口県,4009,63.63
2025,40,9,2025-09-29,2025-10-05,徳島県,1559,45.85
2025,40,9,2025-09-29,2025-10-05,香川県,2130,53.25
2025,40,9,2025-09-29,2025-10-05,愛媛県,3009,81.32
2025,40,9,2025-09-29,2025-10-05,高知県,1449,38.13
2025,40,9,2025-09-29,2025-10-05,福岡県,6531,53.53
2025,40,9,2025-09-29,2025-10-05,佐賀県,1148,47.83
2025,40,9,2025-09-29,2025-10-05,長崎県,3236,63.45
2025,40,9,2025-09-29,2025-10-05,熊本県,3546,49.25
2025,40,9,2025-09-29,2025-10-05,大分県,4180,72.07
2025,40,9,2025-09-29,2025-10-05,宮崎県,1368,48.86
2025,40,9,2025-09-29,2025-10-05,鹿児島県,3619,63.49
2025,40,9,2025-09-29,2025-10-05,沖縄県,2241,49.8
2025,41,10,2025-10-06,2025-10-12,総数,230808,60.2
2025,41,10,2025-10-06,2025-10-12,北海道,10858,65.81
2025,41,10,2025-10-06,2025-10-12,青森県,3039,58.44
2025,41,10,2025-10-06,2025-10-12,岩手県,4054,96.52
2025,41,10,2025-10-06,2025-10-12,宮城県,4181,76.02
2025,41,10,2025-10-06,2025-10-12,秋田県,1381,55.24
2025,41,10,2025-10-06,2025-10-12,山形県,2880,75.79
2025,41,10,2025-10-06,2025-10-12,福島県,3377,70.35
2025,41,10,2025-10-06,2025-10-12,茨城県,4532,66.65
2025,41,10,2025-10-06,2025-10-12,栃木県,4123,87.72
2025,41,10,2025-10-06,2025-10-12,群馬県,4228,93.96
2025,41,10,2025-10-06,2025-10-12,埼玉県,14355,82.03
2025,41,10,2025-10-06,2025-10-12,千葉県,12350,69.38
2025,41,10,2025-10-06,2025-10-12,東京都,24700,59.38
2025,41,10,2025-10-06,2025-10-12,神奈川県,17722,74.15
2025,41,10,2025-10-06,2025-10-12,新潟県,3295,63.37
2025,41,10,2025-10-06,2025-10-12,富山県,3391,70.65
2025,41,10,2025-10-06,2025-10-12,石川県,2694,57.32
2025,41,10,2025-10-06,2025-10-12,福井県,1354,34.72
2025,41,10,2025-10-06,2025-10-12,山梨県,1319,37.69
2025,41,10,2025-10-06,2025-10-12,長野県,4854,60.68
2025,41,10,2025-10-06,2025-10-12,岐阜県,1714,38.09
2025,41,10,2025-10-06,2025-10-12,静岡県,7179,51.65
2025,41,10,2025-10-06,2025-10-12,愛知県,11201,68.72
2025,41,10,2025-10-06,2025-10-12,三重県,3079,43.99
2025,41,10,2025-10-06,2025-10-12,滋賀県,2677,46.16
2025,41,10,2025-10-06,2025-10-12,京都府,3781,59.08
2025,41,10,2025-10-06,2025-10-12,大阪府,11603,39.87
2025,41,10,2025-10-06,2025-10-12,兵庫県,8331,50.8
2025,41,10,2025-10-06,2025-10-12,奈良県,1848,44.0
2025,41,10,2025-10-06,2025-10-12,和歌山県,1921,42.69
2025,41,10,2025-10-06,2025-10-12,鳥取県,1867,64.38
2025,41,10,2025-10-06,2025-10-12,島根県,1249,62.45
2025,41,10,2025-10-06,2025-10-12,岡山県,3008,60.16
2025,41,10,2025-10-06,2025-10-12,広島県,5233,55.67
2025,41,10,2025-10-06,2025-10-12,山口県,4299,68.24
2025,41,10,2025-10-06,2025-10-12,徳島県,1475,43.38
2025,41,10,2025-10-06,2025-10-12,香川県,2110,52.75
2025,41,10,2025-10-06,2025-10-12,愛媛県,2874,77.68
2025,41,10,2025-10-06,2025-10-12,高知県,1578,41.53
2025,41,10,2025-10-06,2025-10-12,福岡県,6539,54.95
2025,41,10,2025-10-06,2025-10-12,佐賀県,1262,52.58
2025,41,10,2025-10-06,2025-10-12,長崎県,3273,64.18
2025,41,10,2025-10-06,2025-10-12,熊本県,3422,47.53
2025,41,10,2025-10-06,2025-10-12,大分県,3735,64.4
2025,41,10,2025-10-06,2025-10-12,宮崎県,1266,45.21
2025,41,10,2025-10-06,2025-10-12,鹿児島県,3405,59.74
2025,41,10,2025-10-06,2025-10-12,沖縄県,2192,48.71
2025,42,10,2025-10-13,2025-10-19,総数,201882,52.48
2025,42,10,2025-10-13,2025-10-19,北海道,10188,61.01
2025,42,10,2025-10-13,2025-10-19,青森県,2726,52.42
2025,42,10,2025-10-13,2025-10-19,岩手県,3514,83.67
2025,42,10,2025-10-13,2025-10-19,宮城県,3974,72.25
2025,42,10,2025-10-13,2025-10-19,秋田県,1255,50.2
2025,42,10,2025-10-13,2025-10-19,山形県,2677,70.45
2025,42,10,2025-10-13,2025-10-19,福島県,3440,71.67
2025,42,10,2025-10-13,2025-10-19,茨城県,4186,61.56
2025,42,10,2025-10-13,2025-10-19,栃木県,3542,75.36
2025,42,10,2025-10-13,2025-10-19,群馬県,3887,86.38
2025,42,10,2025-10-13,2025-10-19,埼玉県,13870,79.26
2025,42,10,2025-10-13,2025-10-19,千葉県,11276,61.28
2025,42,10,2025-10-13,2025-10-19,東京都,21867,52.31
2025,42,10,2025-10-13,2025-10-19,神奈川県,15016,62.83
2025,42,10,2025-10-13,2025-10-19,新潟県,2821,54.25
2025,42,10,2025-10-13,2025-10-19,富山県,2672,55.67
2025,42,10,2025-10-13,2025-10-19,石川県,2447,52.06
2025,42,10,2025-10-13,2025-10-19,福井県,1165,29.87
2025,42,10,2025-10-13,2025-10-19,山梨県,1097,31.34
2025,42,10,2025-10-13,2025-10-19,長野県,4315,53.27
2025,42,10,2025-10-13,2025-10-19,岐阜県,1580,35.11
2025,42,10,2025-10-13,2025-10-19,静岡県,6416,46.16
2025,42,10,2025-10-13,2025-10-19,愛知県,9343,57.32
2025,42,10,2025-10-13,2025-10-19,三重県,2610,37.29
2025,42,10,2025-10-13,2025-10-19,滋賀県,2358,40.66
2025,42,10,2025-10-13,2025-10-19,京都府,2933,46.56
2025,42,10,2025-10-13,2025-10-19,大阪府,9872,33.81
2025,42,10,2025-10-13,2025-10-19,兵庫県,7278,44.38
2025,42,10,2025-10-13,2025-10-19,奈良県,1458,34.71
2025,42,10,2025-10-13,2025-10-19,和歌山県,1725,38.33
2025,42,10,2025-10-13,2025-10-19,鳥取県,1393,48.03
2025,42,10,2025-10-13,2025-10-19,島根県,1029,51.45
2025,42,10,2025-10-13,2025-10-19,岡山県,2497,49.94
2025,42,10,2025-10-13,2025-10-19,広島県,4081,43.41
2025,42,10,2025-10-13,2025-10-19,山口県,3294,52.29
2025,42,10,2025-10-13,2025-10-19,徳島県,1195,35.15
2025,42,10,2025-10-13,2025-10-19,香川県,1765,44.13
2025,42,10,2025-10-13,2025-10-19,愛媛県,2267,61.27
2025,42,10,2025-10-13,2025-10-19,高知県,1339,35.24
2025,42,10,2025-10-13,2025-10-19,福岡県,5295,43.4
2025,42,10,2025-10-13,2025-10-19,佐賀県,980,40.83
2025,42,10,2025-10-13,2025-10-19,長崎県,2752,55.04
2025,42,10,2025-10-13,2025-10-19,熊本県,3206,44.53
2025,42,10,2025-10-13,2025-10-19,大分県,3225,55.6
2025,42,10,2025-10-13,2025-10-19,宮崎県,1195,42.68
2025,42,10,2025-10-13,2025-10-19,鹿児島県,2786,48.88
2025,42,10,2025-10-13,2025-10-19,沖縄県,2075,46.11
2025,43,10,2025-10-20,2025-10-26,総数,245331,63.74
2025,43,10,2025-10-20,2025-10-26,北海道,12288,73.58
2025,43,10,2025-10-20,2025-10-26,青森県,3410,65.58
2025,43,10,2025-10-20,2025-10-26,岩手県,4600,109.52
2025,43,10,2025-10-20,2025-10-26,宮城県,5133,93.33
2025,43,10,2025-10-20,2025-10-26,秋田県,1621,64.84
2025,43,10,2025-10-20,2025-10-26,山形県,3263,85.87
2025,43,10,2025-10-20,2025-10-26,福島県,4010,83.54
2025,43,10,2025-10-20,2025-10-26,茨城県,5060,74.41
2025,43,10,2025-10-20,2025-10-26,栃木県,4115,87.55
2025,43,10,2025-10-20,2025-10-26,群馬県,4762,105.82
2025,43,10,2025-10-20,2025-10-26,埼玉県,16835,96.2
2025,43,10,2025-10-20,2025-10-26,千葉県,14325,77.85
2025,43,10,2025-10-20,2025-10-26,東京都,27757,66.4
2025,43,10,2025-10-20,2025-10-26,神奈川県,19943,83.1
2025,43,10,2025-10-20,2025-10-26,新潟県,3667,70.52
2025,43,10,2025-10-20,2025-10-26,富山県,3446,71.79
2025,43,10,2025-10-20,2025-10-26,石川県,2868,61.02
2025,43,10,2025-10-20,2025-10-26,福井県,1349,34.59
2025,43,10,2025-10-20,2025-10-26,山梨県,1428,40.8
2025,43,10,2025-10-20,2025-10-26,長野県,5043,63.04
2025,43,10,2025-10-20,2025-10-26,岐阜県,1848,41.07
2025,43,10,2025-10-20,2025-10-26,静岡県,7577,54.51
2025,43,10,2025-10-20,2025-10-26,愛知県,11099,68.09
2025,43,10,2025-10-20,2025-10-26,三重県,3400,48.57
2025,43,10,2025-10-20,2025-10-26,滋賀県,2802,48.31
2025,43,10,2025-10-20,2025-10-26,京都府,3656,57.13
2025,43,10,2025-10-20,2025-10-26,大阪府,11997,41.09
2025,43,10,2025-10-20,2025-10-26,兵庫県,8731,53.24
2025,43,10,2025-10-20,2025-10-26,奈良県,1631,38.83
2025,43,10,2025-10-20,2025-10-26,和歌山県,2132,47.38
2025,43,10,2025-10-20,2025-10-26,鳥取県,1635,56.38
2025,43,10,2025-10-20,2025-10-26,島根県,1078,53.9
2025,43,10,2025-10-20,2025-10-26,岡山県,2800,56.0
2025,43,10,2025-10-20,2025-10-26,広島県,4624,49.19
2025,43,10,2025-10-20,2025-10-26,山口県,3998,63.46
2025,43,10,2025-10-20,2025-10-26,徳島県,1293,38.03
2025,43,10,2025-10-20,2025-10-26,香川県,1878,46.95
2025,43,10,2025-10-20,2025-10-26,愛媛県,2787,75.32
2025,43,10,2025-10-20,2025-10-26,高知県,1421,37.39
2025,43,10,2025-10-20,2025-10-26,福岡県,6245,51.19
2025,43,10,2025-10-20,2025-10-26,佐賀県,1175,48.96
2025,43,10,2025-10-20,2025-10-26,長崎県,2891,56.69
2025,43,10,2025-10-20,2025-10-26,熊本県,3423,47.54
2025,43,10,2025-10-20,2025-10-26,大分県,3600,62.07
2025,43,10,2025-10-20,2025-10-26,宮崎県,1296,46.29
2025,43,10,2025-10-20,2025-10-26,鹿児島県,3168,55.58
2025,43,10,2025-10-20,2025-10-26,沖縄県,2223,49.4
2025,44,10,2025-10-27,2025-11-02,総数,307447,80.02
2025,44,10,2025-10-27,2025-11-02,北海道,14422,86.36
2025,44,10,2025-10-27,2025-11-02,青森県,3546,68.19
2025,44,10,2025-10-27,2025-11-02,岩手県,5181,123.36
2025,44,10,2025-10-27,2025-11-02,宮城県,6573,119.51
2025,44,10,2025-10-27,2025-11-02,秋田県,1891,75.64
2025,44,10,2025-10-27,2025-11-02,山形県,3806,100.16
2025,44,10,2025-10-27,2025-11-02,福島県,4686,97.63
2025,44,10,2025-10-27,2025-11-02,茨城県,6348,93.35
2025,44,10,2025-10-27,2025-11-02,栃木県,5188,110.38
2025,44,10,2025-10-27,2025-11-02,群馬県,5410,120.22
2025,44,10,2025-10-27,2025-11-02,埼玉県,19918,115.13
2025,44,10,2025-10-27,2025-11-02,千葉県,18189,100.49
2025,44,10,2025-10-27,2025-11-02,東京都,36005,85.93
2025,44,10,2025-10-27,2025-11-02,神奈川県,25658,107.36
2025,44,10,2025-10-27,2025-11-02,新潟県,4503,86.6
2025,44,10,2025-10-27,2025-11-02,富山県,4412,91.92
2025,44,10,2025-10-27,2025-11-02,石川県,3594,76.47
2025,44,10,2025-10-27,2025-11-02,福井県,1670,42.82
2025,44,10,2025-10-27,2025-11-02,山梨県,1876,53.6
2025,44,10,2025-10-27,2025-11-02,長野県,5667,69.96
2025,44,10,2025-10-27,2025-11-02,岐阜県,2253,50.07
2025,44,10,2025-10-27,2025-11-02,静岡県,9500,68.84
2025,44,10,2025-10-27,2025-11-02,愛知県,15094,92.6
2025,44,10,2025-10-27,2025-11-02,三重県,4315,61.64
2025,44,10,2025-10-27,2025-11-02,滋賀県,3626,62.52
2025,44,10,2025-10-27,2025-11-02,京都府,4670,74.13
2025,44,10,2025-10-27,2025-11-02,大阪府,15437,53.05
2025,44,10,2025-10-27,2025-11-02,兵庫県,11897,72.54
2025,44,10,2025-10-27,2025-11-02,奈良県,2090,49.76
2025,44,10,2025-10-27,2025-11-02,和歌山県,2580,57.33
2025,44,10,2025-10-27,2025-11-02,鳥取県,1917,66.1
2025,44,10,2025-10-27,2025-11-02,島根県,1438,71.9
2025,44,10,2025-10-27,2025-11-02,岡山県,3354,67.08
2025,44,10,2025-10-27,2025-11-02,広島県,5850,62.23
2025,44,10,2025-10-27,2025-11-02,山口県,5193,82.43
2025,44,10,2025-10-27,2025-11-02,徳島県,1569,46.15
2025,44,10,2025-10-27,2025-11-02,香川県,2413,60.33
2025,44,10,2025-10-27,2025-11-02,愛媛県,3798,102.65
2025,44,10,2025-10-27,2025-11-02,高知県,1563,41.13
2025,44,10,2025-10-27,2025-11-02,福岡県,8165,66.93
2025,44,10,2025-10-27,2025-11-02,佐賀県,1431,59.63
2025,44,10,2025-10-27,2025-11-02,長崎県,3501,68.65
2025,44,10,2025-10-27,2025-11-02,熊本県,4070,56.53
2025,44,10,2025-10-27,2025-11-02,大分県,4939,85.16
2025,44,10,2025-10-27,2025-11-02,宮崎県,1420,50.71
2025,44,10,2025-10-27,2025-11-02,鹿児島県,3722,65.3
2025,44,10,2025-10-27,2025-11-02,沖縄県,3099,68.87
2025,45,11,2025-11-03,2025-11-09,総数,301188,78.35
2025,45,11,2025-11-03,2025-11-09,北海道,12948,77.53
2025,45,11,2025-11-03,2025-11-09,青森県,3386,65.12
2025,45,11,2025-11-03,2025-11-09,岩手県,4580,109.05
2025,45,11,2025-11-03,2025-11-09,宮城県,6475,117.73
2025,45,11,2025-11-03,2025-11-09,秋田県,1823,72.92
2025,45,11,2025-11-03,2025-11-09,山形県,3501,92.13
2025,45,11,2025-11-03,2025-11-09,福島県,5110,106.46
2025,45,11,2025-11-03,2025-11-09,茨城県,6160,90.59
2025,45,11,2025-11-03,2025-11-09,栃木県,5102,108.55
2025,45,11,2025-11-03,2025-11-09,群馬県,4908,109.07
2025,45,11,2025-11-03,2025-11-09,埼玉県,22416,128.83
2025,45,11,2025-11-03,2025-11-09,千葉県,16160,88.31
2025,45,11,2025-11-03,2025-11-09,東京都,34655,82.91
2025,45,11,2025-11-03,2025-11-09,神奈川県,24967,104.46
2025,45,11,2025-11-03,2025-11-09,新潟県,4028,77.46
2025,45,11,2025-11-03,2025-11-09,富山県,4239,88.31
2025,45,11,2025-11-03,2025-11-09,石川県,3563,75.81
2025,45,11,2025-11-03,2025-11-09,福井県,1769,45.36
2025,45,11,2025-11-03,2025-11-09,山梨県,1800,51.43
2025,45,11,2025-11-03,2025-11-09,長野県,5442,68.03
2025,45,11,2025-11-03,2025-11-09,岐阜県,2275,50.56
2025,45,11,2025-11-03,2025-11-09,静岡県,8577,61.71
2025,45,11,2025-11-03,2025-11-09,愛知県,14801,90.8
2025,45,11,2025-11-03,2025-11-09,三重県,4471,63.87
2025,45,11,2025-11-03,2025-11-09,滋賀県,3808,65.66
2025,45,11,2025-11-03,2025-11-09,京都府,4791,74.86
2025,45,11,2025-11-03,2025-11-09,大阪府,15647,53.77
2025,45,11,2025-11-03,2025-11-09,兵庫県,12649,77.13
2025,45,11,2025-11-03,2025-11-09,奈良県,2441,58.12
2025,45,11,2025-11-03,2025-11-09,和歌山県,2664,59.2
2025,45,11,2025-11-03,2025-11-09,鳥取県,1811,64.68
2025,45,11,2025-11-03,2025-11-09,島根県,1345,67.25
2025,45,11,2025-11-03,2025-11-09,岡山県,3429,68.58
2025,45,11,2025-11-03,2025-11-09,広島県,5986,63.68
2025,45,11,2025-11-03,2025-11-09,山口県,5070,80.48
2025,45,11,2025-11-03,2025-11-09,徳島県,1628,47.88
2025,45,11,2025-11-03,2025-11-09,香川県,2153,53.83
2025,45,11,2025-11-03,2025-11-09,愛媛県,3771,101.92
2025,45,11,2025-11-03,2025-11-09,高知県,1628,42.84
2025,45,11,2025-11-03,2025-11-09,福岡県,7750,63.52
2025,45,11,2025-11-03,2025-11-09,佐賀県,1538,64.08
2025,45,11,2025-11-03,2025-11-09,長崎県,3486,68.35
2025,45,11,2025-11-03,2025-11-09,熊本県,3920,54.44
2025,45,11,2025-11-03,2025-11-09,大分県,4950,85.34
2025,45,11,2025-11-03,2025-11-09,宮崎県,1537,54.89
2025,45,11,2025-11-03,2025-11-09,鹿児島県,3630,63.68
2025,45,11,2025-11-03,2025-11-09,沖縄県,2400,53.33
2025,46,11,2025-11-10,2025-11-16,総数,364396,94.77
2025,46,11,2025-11-10,2025-11-16,北海道,15683,93.91
2025,46,11,2025-11-10,2025-11-16,青森県,4287,82.44
2025,46,11,2025-11-10,2025-11-16,岩手県,5904,140.57
2025,46,11,2025-11-10,2025-11-16,宮城県,7766,141.2
2025,46,11,2025-11-10,2025-11-16,秋田県,2184,87.36
2025,46,11,2025-11-10,2025-11-16,山形県,4242,111.63
2025,46,11,2025-11-10,2025-11-16,福島県,6156,128.25
2025,46,11,2025-11-10,2025-11-16,茨城県,7580,111.47
2025,46,11,2025-11-10,2025-11-16,栃木県,6059,128.91
2025,46,11,2025-11-10,2025-11-16,群馬県,6690,148.67
2025,46,11,2025-11-10,2025-11-16,埼玉県,26935,153.04
2025,46,11,2025-11-10,2025-11-16,千葉県,20522,112.14
2025,46,11,2025-11-10,2025-11-16,東京都,42022,100.53
2025,46,11,2025-11-10,2025-11-16,神奈川県,28824,120.6
2025,46,11,2025-11-10,2025-11-16,新潟県,4868,93.62
2025,46,11,2025-11-10,2025-11-16,富山県,5560,115.83
2025,46,11,2025-11-10,2025-11-16,石川県,4588,97.62
2025,46,11,2025-11-10,2025-11-16,福井県,2022,51.85
2025,46,11,2025-11-10,2025-11-16,山梨県,2303,65.8
2025,46,11,2025-11-10,2025-11-16,長野県,7264,90.8
2025,46,11,2025-11-10,2025-11-16,岐阜県,2611,58.02
2025,46,11,2025-11-10,2025-11-16,静岡県,10288,74.01
2025,46,11,2025-11-10,2025-11-16,愛知県,18035,110.64
2025,46,11,2025-11-10,2025-11-16,三重県,5500,78.57
2025,46,11,2025-11-10,2025-11-16,滋賀県,4823,83.16
2025,46,11,2025-11-10,2025-11-16,京都府,6342,99.09
2025,46,11,2025-11-10,2025-11-16,大阪府,19034,65.41
2025,46,11,2025-11-10,2025-11-16,兵庫県,15113,92.15
2025,46,11,2025-11-10,2025-11-16,奈良県,3123,74.36
2025,46,11,2025-11-10,2025-11-16,和歌山県,3336,74.13
2025,46,11,2025-11-10,2025-11-16,鳥取県,2240,77.24
2025,46,11,2025-11-10,2025-11-16,島根県,1511,75.55
2025,46,11,2025-11-10,2025-11-16,岡山県,4397,87.94
2025,46,11,2025-11-10,2025-11-16,広島県,6867,73.05
2025,46,11,2025-11-10,2025-11-16,山口県,6241,99.06
2025,46,11,2025-11-10,2025-11-16,徳島県,1732,50.94
2025,46,11,2025-11-10,2025-11-16,香川県,2861,71.53
2025,46,11,2025-11-10,2025-11-16,愛媛県,3700,102.78
2025,46,11,2025-11-10,2025-11-16,高知県,1689,44.45
2025,46,11,2025-11-10,2025-11-16,福岡県,9096,74.56
2025,46,11,2025-11-10,2025-11-16,佐賀県,1663,69.29
2025,46,11,2025-11-10,2025-11-16,長崎県,4148,81.33
2025,46,11,2025-11-10,2025-11-16,熊本県,4862,67.53
2025,46,11,2025-11-10,2025-11-16,大分県,5755,99.22
2025,46,11,2025-11-10,2025-11-16,宮崎県,1670,59.64
2025,46,11,2025-11-10,2025-11-16,鹿児島県,4116,72.21
2025,46,11,2025-11-10,2025-11-16,沖縄県,2184,49.64
2025,47,11,2025-11-17,2025-11-23,総数,396446,103.38
2025,47,11,2025-11-17,2025-11-23,北海道,17359,103.95
2025,47,11,2025-11-17,2025-11-23,青森県,5467,105.13
2025,47,11,2025-11-17,2025-11-23,岩手県,6848,163.05
2025,47,11,2025-11-17,2025-11-23,宮城県,7969,144.89
2025,47,11,2025-11-17,2025-11-23,秋田県,2529,101.16
2025,47,11,2025-11-17,2025-11-23,山形県,4316,113.58
2025,47,11,2025-11-17,2025-11-23,福島県,7260,151.25
2025,47,11,2025-11-17,2025-11-23,茨城県,8369,123.07
2025,47,11,2025-11-17,2025-11-23,栃木県,7112,151.32
2025,47,11,2025-11-17,2025-11-23,群馬県,7159,159.09
2025,47,11,2025-11-17,2025-11-23,埼玉県,26764,152.94
2025,47,11,2025-11-17,2025-11-23,千葉県,21303,118.35
2025,47,11,2025-11-17,2025-11-23,東京都,43287,103.81
2025,47,11,2025-11-17,2025-11-23,神奈川県,30514,128.21
2025,47,11,2025-11-17,2025-11-23,新潟県,5797,111.48
2025,47,11,2025-11-17,2025-11-23,富山県,6341,134.91
2025,47,11,2025-11-17,2025-11-23,石川県,4927,104.83
2025,47,11,2025-11-17,2025-11-23,福井県,2460,63.08
2025,47,11,2025-11-17,2025-11-23,山梨県,2540,72.57
2025,47,11,2025-11-17,2025-11-23,長野県,8861,113.6
2025,47,11,2025-11-17,2025-11-23,岐阜県,3122,69.38
2025,47,11,2025-11-17,2025-11-23,静岡県,11466,83.09
2025,47,11,2025-11-17,2025-11-23,愛知県,19997,122.68
2025,47,11,2025-11-17,2025-11-23,三重県,6667,95.24
2025,47,11,2025-11-17,2025-11-23,滋賀県,5529,95.33
2025,47,11,2025-11-17,2025-11-23,京都府,6991,109.23
2025,47,11,2025-11-17,2025-11-23,大阪府,19396,66.65
2025,47,11,2025-11-17,2025-11-23,兵庫県,15868,96.76
2025,47,11,2025-11-17,2025-11-23,奈良県,3564,84.86
2025,47,11,2025-11-17,2025-11-23,和歌山県,3554,78.98
2025,47,11,2025-11-17,2025-11-23,鳥取県,2351,81.07
2025,47,11,2025-11-17,2025-11-23,島根県,1566,78.3
2025,47,11,2025-11-17,2025-11-23,岡山県,5069,101.38
2025,47,11,2025-11-17,2025-11-23,広島県,7598,80.83
2025,47,11,2025-11-17,2025-11-23,山口県,7117,112.97
2025,47,11,2025-11-17,2025-11-23,徳島県,1928,56.71
2025,47,11,2025-11-17,2025-11-23,香川県,3115,77.88
2025,47,11,2025-11-17,2025-11-23,愛媛県,3888,108.0
2025,47,11,2025-11-17,2025-11-23,高知県,1887,49.66
2025,47,11,2025-11-17,2025-11-23,福岡県,9842,81.34
2025,47,11,2025-11-17,2025-11-23,佐賀県,1780,74.17
2025,47,11,2025-11-17,2025-11-23,長崎県,4913,96.33
2025,47,11,2025-11-17,2025-11-23,熊本県,5807,80.65
2025,47,11,2025-11-17,2025-11-23,大分県,7037,121.33
2025,47,11,2025-11-17,2025-11-23,宮崎県,2040,72.86
2025,47,11,2025-11-17,2025-11-23,鹿児島県,4763,83.56
2025,47,11,2025-11-17,2025-11-23,沖縄県,2409,53.53
2025,48,11,2025-11-24,2025-11-30,総数,341273,88.8
2025,48,11,2025-11-24,2025-11-30,北海道,13966,83.63
2025,48,11,2025-11-24,2025-11-30,青森県,4306,82.81
2025,48,11,2025-11-24,2025-11-30,岩手県,5174,123.19
2025,48,11,2025-11-24,2025-11-30,宮城県,5444,98.98
2025,48,11,2025-11-24,2025-11-30,秋田県,2333,93.32
2025,48,11,2025-11-24,2025-11-30,山形県,3895,102.5
2025,48,11,2025-11-24,2025-11-30,福島県,5676,118.25
2025,48,11,2025-11-24,2025-11-30,茨城県,7949,116.9
2025,48,11,2025-11-24,2025-11-30,栃木県,5678,123.43
2025,48,11,2025-11-24,2025-11-30,群馬県,5591,124.24
2025,48,11,2025-11-24,2025-11-30,埼玉県,24547,140.27
2025,48,11,2025-11-24,2025-11-30,千葉県,16907,92.39
2025,48,11,2025-11-24,2025-11-30,東京都,33823,80.92
2025,48,11,2025-11-24,2025-11-30,神奈川県,23512,98.38
2025,48,11,2025-11-24,2025-11-30,新潟県,5478,105.35
2025,48,11,2025-11-24,2025-11-30,富山県,5172,107.75
2025,48,11,2025-11-24,2025-11-30,石川県,4388,93.36
2025,48,11,2025-11-24,2025-11-30,福井県,2381,61.05
2025,48,11,2025-11-24,2025-11-30,山梨県,2010,57.43
2025,48,11,2025-11-24,2025-11-30,長野県,8719,108.99
2025,48,11,2025-11-24,2025-11-30,岐阜県,3418,75.96
2025,48,11,2025-11-24,2025-11-30,静岡県,9814,70.6
2025,48,11,2025-11-24,2025-11-30,愛知県,17113,104.99
2025,48,11,2025-11-24,2025-11-30,三重県,5860,83.71
2025,48,11,2025-11-24,2025-11-30,滋賀県,5001,86.22
2025,48,11,2025-11-24,2025-11-30,京都府,6143,95.98
2025,48,11,2025-11-24,2025-11-30,大阪府,16808,57.96
2025,48,11,2025-11-24,2025-11-30,兵庫県,13926,84.91
2025,48,11,2025-11-24,2025-11-30,奈良県,2977,70.88
2025,48,11,2025-11-24,2025-11-30,和歌山県,2866,63.69
2025,48,11,2025-11-24,2025-11-30,鳥取県,2265,78.1
2025,48,11,2025-11-24,2025-11-30,島根県,1492,74.6
2025,48,11,2025-11-24,2025-11-30,岡山県,4636,92.72
2025,48,11,2025-11-24,2025-11-30,広島県,6930,73.72
2025,48,11,2025-11-24,2025-11-30,山口県,6080,96.51
2025,48,11,2025-11-24,2025-11-30,徳島県,1783,54.03
2025,48,11,2025-11-24,2025-11-30,香川県,3653,91.33
2025,48,11,2025-11-24,2025-11-30,愛媛県,3472,93.84
2025,48,11,2025-11-24,2025-11-30,高知県,1906,50.16
2025,48,11,2025-11-24,2025-11-30,福岡県,10452,85.67
2025,48,11,2025-11-24,2025-11-30,佐賀県,1563,65.13
2025,48,11,2025-11-24,2025-11-30,長崎県,4576,89.73
2025,48,11,2025-11-24,2025-11-30,熊本県,5265,73.13
2025,48,11,2025-11-24,2025-11-30,大分県,6902,119.0
2025,48,11,2025-11-24,2025-11-30,宮崎県,2144,76.57
2025,48,11,2025-11-24,2025-11-30,鹿児島県,4873,85.49
2025,48,11,2025-11-24,2025-11-30,沖縄県,2406,53.47
2025,49,12,2025-12-01,2025-12-07,総数,320345,83.42
2025,49,12,2025-12-01,2025-12-07,北海道,11892,71.21
2025,49,12,2025-12-01,2025-12-07,青森県,3804,73.15
2025,49,12,2025-12-01,2025-12-07,岩手県,4484,106.76
2025,49,12,2025-12-01,2025-12-07,宮城県,4496,81.75
2025,49,12,2025-12-01,2025-12-07,秋田県,1468,58.72
2025,49,12,2025-12-01,2025-12-07,山形県,3385,89.08
2025,49,12,2025-12-01,2025-12-07,福島県,4010,83.54
2025,49,12,2025-12-01,2025-12-07,茨城県,6268,93.55
2025,49,12,2025-12-01,2025-12-07,栃木県,5102,108.55
2025,49,12,2025-12-01,2025-12-07,群馬県,4852,107.82
2025,49,12,2025-12-01,2025-12-07,埼玉県,19935,114.57
2025,49,12,2025-12-01,2025-12-07,千葉県,15913,87.92
2025,49,12,2025-12-01,2025-12-07,東京都,30037,72.2
2025,49,12,2025-12-01,2025-12-07,神奈川県,21845,90.64
2025,49,12,2025-12-01,2025-12-07,新潟県,5116,98.38
2025,49,12,2025-12-01,2025-12-07,富山県,4596,95.75
2025,49,12,2025-12-01,2025-12-07,石川県,4277,91.0
2025,49,12,2025-12-01,2025-12-07,福井県,2095,53.72
2025,49,12,2025-12-01,2025-12-07,山梨県,2332,66.63
2025,49,12,2025-12-01,2025-12-07,長野県,7620,95.25
2025,49,12,2025-12-01,2025-12-07,岐阜県,2964,65.87
2025,49,12,2025-12-01,2025-12-07,静岡県,9508,68.4
2025,49,12,2025-12-01,2025-12-07,愛知県,16780,102.94
2025,49,12,2025-12-01,2025-12-07,三重県,5880,84.0
2025,49,12,2025-12-01,2025-12-07,滋賀県,4479,77.22
2025,49,12,2025-12-01,2025-12-07,京都府,5832,91.13
2025,49,12,2025-12-01,2025-12-07,大阪府,15973,55.08
2025,49,12,2025-12-01,2025-12-07,兵庫県,13322,81.23
2025,49,12,2025-12-01,2025-12-07,奈良県,2869,68.31
2025,49,12,2025-12-01,2025-12-07,和歌山県,2685,59.67
2025,49,12,2025-12-01,2025-12-07,鳥取県,2360,81.38
2025,49,12,2025-12-01,2025-12-07,島根県,1508,75.4
2025,49,12,2025-12-01,2025-12-07,岡山県,4406,88.12
2025,49,12,2025-12-01,2025-12-07,広島県,7615,81.01
2025,49,12,2025-12-01,2025-12-07,山口県,6812,108.13
2025,49,12,2025-12-01,2025-12-07,徳島県,2172,65.82
2025,49,12,2025-12-01,2025-12-07,香川県,3375,84.38
2025,49,12,2025-12-01,2025-12-07,愛媛県,3709,100.24
2025,49,12,2025-12-01,2025-12-07,高知県,2358,62.05
2025,49,12,2025-12-01,2025-12-07,福岡県,11714,96.02
2025,49,12,2025-12-01,2025-12-07,佐賀県,1925,80.21
2025,49,12,2025-12-01,2025-12-07,長崎県,4903,96.14
2025,49,12,2025-12-01,2025-12-07,熊本県,6229,86.51
2025,49,12,2025-12-01,2025-12-07,大分県,6596,113.72
2025,49,12,2025-12-01,2025-12-07,宮崎県,2775,99.11
2025,49,12,2025-12-01,2025-12-07,鹿児島県,5665,99.39
2025,49,12,2025-12-01,2025-12-07,沖縄県,2404,53.42
2025,50,12,2025-12-08,2025-12-14,総数,310970,80.96
2025,50,12,2025-12-08,2025-12-14,北海道,11118,66.57
2025,50,12,2025-12-08,2025-12-14,青森県,3264,62.77
2025,50,12,2025-12-08,2025-12-14,岩手県,3912,93.14
2025,50,12,2025-12-08,2025-12-14,宮城県,4478,81.42
2025,50,12,2025-12-08,2025-12-14,秋田県,1259,50.36
2025,50,12,2025-12-08,2025-12-14,山形県,2992,78.74
2025,50,12,2025-12-08,2025-12-14,福島県,3473,72.35
2025,50,12,2025-12-08,2025-12-14,茨城県,6334,94.54
2025,50,12,2025-12-08,2025-12-14,栃木県,4720,100.43
2025,50,12,2025-12-08,2025-12-14,群馬県,4640,103.11
2025,50,12,2025-12-08,2025-12-14,埼玉県,18404,104.57
2025,50,12,2025-12-08,2025-12-14,千葉県,14552,79.96
2025,50,12,2025-12-08,2025-12-14,東京都,26476,63.34
2025,50,12,2025-12-08,2025-12-14,神奈川県,18729,78.69
2025,50,12,2025-12-08,2025-12-14,新潟県,4546,87.42
2025,50,12,2025-12-08,2025-12-14,富山県,4762,101.32
2025,50,12,2025-12-08,2025-12-14,石川県,3953,84.11
2025,50,12,2025-12-08,2025-12-14,福井県,1844,47.28
2025,50,12,2025-12-08,2025-12-14,山梨県,2241,64.03
2025,50,12,2025-12-08,2025-12-14,長野県,7304,91.3
2025,50,12,2025-12-08,2025-12-14,岐阜県,3095,68.78
2025,50,12,2025-12-08,2025-12-14,静岡県,10005,71.98
2025,50,12,2025-12-08,2025-12-14,愛知県,16384,100.52
2025,50,12,2025-12-08,2025-12-14,三重県,5311,75.87
2025,50,12,2025-12-08,2025-12-14,滋賀県,4479,77.22
2025,50,12,2025-12-08,2025-12-14,京都府,5561,86.89
2025,50,12,2025-12-08,2025-12-14,大阪府,15130,52.17
2025,50,12,2025-12-08,2025-12-14,兵庫県,12871,78.48
2025,50,12,2025-12-08,2025-12-14,奈良県,2451,58.36
2025,50,12,2025-12-08,2025-12-14,和歌山県,2533,56.29
2025,50,12,2025-12-08,2025-12-14,鳥取県,2502,86.28
2025,50,12,2025-12-08,2025-12-14,島根県,1796,89.8
2025,50,12,2025-12-08,2025-12-14,岡山県,4907,98.14
2025,50,12,2025-12-08,2025-12-14,広島県,7749,82.44
2025,50,12,2025-12-08,2025-12-14,山口県,7366,116.92
2025,50,12,2025-12-08,2025-12-14,徳島県,2584,78.3
2025,50,12,2025-12-08,2025-12-14,香川県,4440,111.0
2025,50,12,2025-12-08,2025-12-14,愛媛県,3794,102.54
2025,50,12,2025-12-08,2025-12-14,高知県,2914,76.68
2025,50,12,2025-12-08,2025-12-14,福岡県,11839,97.04
2025,50,12,2025-12-08,2025-12-14,佐賀県,2037,84.88
2025,50,12,2025-12-08,2025-12-14,長崎県,5336,104.63
2025,50,12,2025-12-08,2025-12-14,熊本県,7096,98.56
2025,50,12,2025-12-08,2025-12-14,大分県,6651,114.67
2025,50,12,2025-12-08,2025-12-14,宮崎県,3821,136.46
2025,50,12,2025-12-08,2025-12-14,鹿児島県,6901,121.07
2025,50,12,2025-12-08,2025-12-14,沖縄県,2416,53.69
2025,51,12,2025-12-15,2025-12-21,総数,296974,77.34
2025,51,12,2025-12-15,2025-12-21,北海道,10916,65.37
2025,51,12,2025-12-15,2025-12-21,青森県,3131,60.21
2025,51,12,2025-12-15,2025-12-21,岩手県,3603,85.79
2025,51,12,2025-12-15,2025-12-21,宮城県,4396,79.93
2025,51,12,2025-12-15,2025-12-21,秋田県,1230,49.2
2025,51,12,2025-12-15,2025-12-21,山形県,2804,73.79
2025,51,12,2025-12-15,2025-12-21,福島県,3559,74.15
2025,51,12,2025-12-15,2025-12-21,茨城県,6145,91.72
2025,51,12,2025-12-15,2025-12-21,栃木県,4457,94.83
2025,51,12,2025-12-15,2025-12-21,群馬県,4531,100.69
2025,51,12,2025-12-15,2025-12-21,埼玉県,17502,99.44
2025,51,12,2025-12-15,2025-12-21,千葉県,14953,82.16
2025,51,12,2025-12-15,2025-12-21,東京都,26183,62.64
2025,51,12,2025-12-15,2025-12-21,神奈川県,19129,79.7
2025,51,12,2025-12-15,2025-12-21,新潟県,3892,76.31
2025,51,12,2025-12-15,2025-12-21,富山県,4567,97.17
2025,51,12,2025-12-15,2025-12-21,石川県,3897,82.91
2025,51,12,2025-12-15,2025-12-21,福井県,1712,45.05
2025,51,12,2025-12-15,2025-12-21,山梨県,2056,58.74
2025,51,12,2025-12-15,2025-12-21,長野県,6120,76.5
2025,51,12,2025-12-15,2025-12-21,岐阜県,2767,61.49
2025,51,12,2025-12-15,2025-12-21,静岡県,9094,65.42
2025,51,12,2025-12-15,2025-12-21,愛知県,15312,93.94
2025,51,12,2025-12-15,2025-12-21,三重県,5272,75.31
2025,51,12,2025-12-15,2025-12-21,滋賀県,4157,71.67
2025,51,12,2025-12-15,2025-12-21,京都府,5210,81.41
2025,51,12,2025-12-15,2025-12-21,大阪府,14435,49.95
2025,51,12,2025-12-15,2025-12-21,兵庫県,12284,74.9
2025,51,12,2025-12-15,2025-12-21,奈良県,2359,56.17
2025,51,12,2025-12-15,2025-12-21,和歌山県,2421,53.8
2025,51,12,2025-12-15,2025-12-21,鳥取県,2360,81.38
2025,51,12,2025-12-15,2025-12-21,島根県,2017,100.85
2025,51,12,2025-12-15,2025-12-21,岡山県,4719,94.38
2025,51,12,2025-12-15,2025-12-21,広島県,6977,74.22
2025,51,12,2025-12-15,2025-12-21,山口県,6676,105.97
2025,51,12,2025-12-15,2025-12-21,徳島県,2606,78.97
2025,51,12,2025-12-15,2025-12-21,香川県,3984,99.6
2025,51,12,2025-12-15,2025-12-21,愛媛県,3579,96.73
2025,51,12,2025-12-15,2025-12-21,高知県,2812,74.0
2025,51,12,2025-12-15,2025-12-21,福岡県,11159,91.47
2025,51,12,2025-12-15,2025-12-21,佐賀県,2081,86.71
2025,51,12,2025-12-15,2025-12-21,長崎県,5040,98.82
2025,51,12,2025-12-15,2025-12-21,熊本県,6179,85.82
2025,51,12,2025-12-15,2025-12-21,大分県,6188,106.69
2025,51,12,2025-12-15,2025-12-21,宮崎県,3620,129.29
2025,51,12,2025-12-15,2025-12-21,鹿児島県,6443,113.04
2025,51,12,2025-12-15,2025-12-21,沖縄県,2440,54.22
2025,52,12,2025-12-22,2025-12-28,総数,281298,73.43
2025,52,12,2025-12-22,2025-12-28,北海道,11095,66.44
2025,52,12,2025-12-22,2025-12-28,青森県,2960,56.92
2025,52,12,2025-12-22,2025-12-28,岩手県,3850,91.67
2025,52,12,2025-12-22,2025-12-28,宮城県,4605,83.73
2025,52,12,2025-12-22,2025-12-28,秋田県,1380,55.2
2025,52,12,2025-12-22,2025-12-28,山形県,3105,81.71
2025,52,12,2025-12-22,2025-12-28,福島県,3396,70.75
2025,52,12,2025-12-22,2025-12-28,茨城県,5846,87.25
2025,52,12,2025-12-22,2025-12-28,栃木県,4345,92.45
2025,52,12,2025-12-22,2025-12-28,群馬県,4736,105.24
2025,52,12,2025-12-22,2025-12-28,埼玉県,17515,99.52
2025,52,12,2025-12-22,2025-12-28,千葉県,15272,85.32
2025,52,12,2025-12-22,2025-12-28,東京都,27578,66.29
2025,52,12,2025-12-22,2025-12-28,神奈川県,19376,82.45
2025,52,12,2025-12-22,2025-12-28,新潟県,3647,70.13
2025,52,12,2025-12-22,2025-12-28,富山県,4099,89.11
2025,52,12,2025-12-22,2025-12-28,石川県,3360,71.49
2025,52,12,2025-12-22,2025-12-28,福井県,1695,43.46
2025,52,12,2025-12-22,2025-12-28,山梨県,1848,52.8
2025,52,12,2025-12-22,2025-12-28,長野県,5831,72.89
2025,52,12,2025-12-22,2025-12-28,岐阜県,2404,53.42
2025,52,12,2025-12-22,2025-12-28,静岡県,8436,60.69
2025,52,12,2025-12-22,2025-12-28,愛知県,14220,87.24
2025,52,12,2025-12-22,2025-12-28,三重県,4816,68.8
2025,52,12,2025-12-22,2025-12-28,滋賀県,3859,66.53
2025,52,12,2025-12-22,2025-12-28,京都府,4906,79.13
2025,52,12,2025-12-22,2025-12-28,大阪府,14420,49.72
2025,52,12,2025-12-22,2025-12-28,兵庫県,11843,72.21
2025,52,12,2025-12-22,2025-12-28,奈良県,2071,49.31
2025,52,12,2025-12-22,2025-12-28,和歌山県,2573,57.18
2025,52,12,2025-12-22,2025-12-28,鳥取県,2207,76.1
2025,52,12,2025-12-22,2025-12-28,島根県,1762,88.1
2025,52,12,2025-12-22,2025-12-28,岡山県,3882,77.64
2025,52,12,2025-12-22,2025-12-28,広島県,6307,67.1
2025,52,12,2025-12-22,2025-12-28,山口県,5294,84.03
2025,52,12,2025-12-22,2025-12-28,徳島県,2112,62.12
2025,52,12,2025-12-22,2025-12-28,香川県,2961,74.03
2025,52,12,2025-12-22,2025-12-28,愛媛県,3352,90.59
2025,52,12,2025-12-22,2025-12-28,高知県,2690,70.79
2025,52,12,2025-12-22,2025-12-28,福岡県,8842,72.48
2025,52,12,2025-12-22,2025-12-28,佐賀県,1704,71.0
2025,52,12,2025-12-22,2025-12-28,長崎県,4242,83.18
2025,52,12,2025-12-22,2025-12-28,熊本県,4999,69.43
2025,52,12,2025-12-22,2025-12-28,大分県,5174,89.21
2025,52,12,2025-12-22,2025-12-28,宮崎県,2686,95.93
2025,52,12,2025-12-22,2025-12-28,鹿児島県,5194,91.12
2025,52,12,2025-12-22,2025-12-28,沖縄県,2803,62.29
