年,週,都道府県,エボラ出血熱_報告,エボラ出血熱_累積,クリミア・コンゴ出血熱_報告,クリミア・コンゴ出血熱_累積,痘そう_報告,痘そう_累積,南米出血熱_報告,南米出血熱_累積,ペスト_報告,ペスト_累積,マールブルグ病_報告,マールブルグ病_累積,ラッサ熱_報告,ラッサ熱_累積,急性灰白髄炎_報告,急性灰白髄炎_累積,結核_報告,結核_累積,ジフテリア_報告,ジフテリア_累積,重症急性呼吸器症候群_報告,重症急性呼吸器症候群_累積,中東呼吸器症候群_報告,中東呼吸器症候群_累積,鳥インフルエンザ（Ｈ５Ｎ１）_報告,鳥インフルエンザ（Ｈ５Ｎ１）_累積,鳥インフルエンザ（Ｈ７Ｎ９）_報告,鳥インフルエンザ（Ｈ７Ｎ９）_累積,コレラ_報告,コレラ_累積,細菌性赤痢_報告,細菌性赤痢_累積,腸管出血性大腸菌感染症_報告,腸管出血性大腸菌感染症_累積,腸チフス_報告,腸チフス_累積,パラチフス_報告,パラチフス_累積,Ｅ型肝炎_報告,Ｅ型肝炎_累積,ウエストナイル熱_報告,ウエストナイル熱_累積,Ａ型肝炎_報告,Ａ型肝炎_累積,エキノコックス症_報告,エキノコックス症_累積,エムポックス_報告,エムポックス_累積,黄熱_報告,黄熱_累積,オウム病_報告,オウム病_累積,オムスク出血熱_報告,オムスク出血熱_累積,回帰熱_報告,回帰熱_累積,キャサヌル森林病_報告,キャサヌル森林病_累積,Ｑ熱_報告,Ｑ熱_累積,狂犬病_報告,狂犬病_累積,コクシジオイデス症_報告,コクシジオイデス症_累積,ジカウイルス感染症_報告,ジカウイルス感染症_累積,重症熱性血小板減少症候群_報告,重症熱性血小板減少症候群_累積,腎症候性出血熱_報告,腎症候性出血熱_累積,西部ウマ脳炎_報告,西部ウマ脳炎_累積,ダニ媒介脳炎_報告,ダニ媒介脳炎_累積,炭疽_報告,炭疽_累積,チクングニア熱_報告,チクングニア熱_累積,つつが虫病_報告,つつが虫病_累積,デング熱_報告,デング熱_累積,東部ウマ脳炎_報告,東部ウマ脳炎_累積,鳥インフルエンザ(Ｈ５Ｎ１を除く）_報告,鳥インフルエンザ(Ｈ５Ｎ１を除く）_累積,ニパウイルス感染症_報告,ニパウイルス感染症_累積,日本紅斑熱_報告,日本紅斑熱_累積,日本脳炎_報告,日本脳炎_累積,ハンタウイルス肺症候群_報告,ハンタウイルス肺症候群_累積,Ｂウイルス病_報告,Ｂウイルス病_累積,鼻疽_報告,鼻疽_累積,ブルセラ症_報告,ブルセラ症_累積,ベネズエラウマ脳炎_報告,ベネズエラウマ脳炎_累積,ヘンドラウイルス感染症_報告,ヘンドラウイルス感染症_累積,発しんチフス_報告,発しんチフス_累積,ボツリヌス症_報告,ボツリヌス症_累積,マラリア_報告,マラリア_累積,野兎病_報告,野兎病_累積,ライム病_報告,ライム病_累積,リッサウイルス感染症_報告,リッサウイルス感染症_累積,リフトバレー熱_報告,リフトバレー熱_累積,類鼻疽_報告,類鼻疽_累積,レジオネラ症_報告,レジオネラ症_累積,レプトスピラ症_報告,レプトスピラ症_累積,ロッキー山紅斑熱_報告,ロッキー山紅斑熱_累積,アメーバ赤痢_報告,アメーバ赤痢_累積,ウイルス性肝炎_報告,ウイルス性肝炎_累積,カルバペネム耐性腸内細菌目細菌感染症_報告,カルバペネム耐性腸内細菌目細菌感染症_累積,急性弛緩性麻痺_報告,急性弛緩性麻痺_累積,急性脳炎_報告,急性脳炎_累積,クリプトスポリジウム症_報告,クリプトスポリジウム症_累積,クロイツフェルト・ヤコブ病_報告,クロイツフェルト・ヤコブ病_累積,劇症型溶血性レンサ球菌感染症_報告,劇症型溶血性レンサ球菌感染症_累積,後天性免疫不全症候群_報告,後天性免疫不全症候群_累積,ジアルジア症_報告,ジアルジア症_累積,侵襲性インフルエンザ菌感染症_報告,侵襲性インフルエンザ菌感染症_累積,侵襲性髄膜炎菌感染症_報告,侵襲性髄膜炎菌感染症_累積,侵襲性肺炎球菌感染症_報告,侵襲性肺炎球菌感染症_累積,水痘（入院例）_報告,水痘（入院例）_累積,先天性風しん症候群_報告,先天性風しん症候群_累積,多剤耐性緑膿菌感染症_報告,多剤耐性緑膿菌感染症_累積,梅毒_報告,梅毒_累積,播種性クリプトコックス症_報告,播種性クリプトコックス症_累積,破傷風_報告,破傷風_累積,バンコマイシン耐性黄色ブドウ球菌感染症_報告,バンコマイシン耐性黄色ブドウ球菌感染症_累積,バンコマイシン耐性腸球菌感染症_報告,バンコマイシン耐性腸球菌感染症_累積,百日咳_報告,百日咳_累積,風しん_報告,風しん_累積,麻しん_報告,麻しん_累積,薬剤耐性アシネトバクター感染症_報告,薬剤耐性アシネトバクター感染症_累積
2026,24,総数,0,0,0,0,0,0,0,0,0,0,0,0,0,0,0,0,229,6476,0,0,0,0,0,0,0,0,0,0,0,0,0,37,97,1074,0,18,1,8,16,323,0,0,2,113,0,8,2,66,0,0,1,3,0,0,0,1,0,0,0,0,0,0,1,4,0,0,7,78,0,0,0,0,0,0,0,0,0,2,1,56,1,35,0,0,0,0,0,0,19,149,0,2,0,0,0,0,0,0,0,0,0,0,0,0,0,0,0,0,0,17,0,0,0,0,0,0,0,0,0,0,40,841,0,4,0,0,7,234,1,93,13,446,1,10,6,221,0,4,3,73,20,646,16,418,0,19,12,277,2,32,34,1534,13,390,0,0,5,70,170,5127,3,85,1,44,0,0,0,43,80,3308,0,2,5,529,0,8
2026,24,北海道,0,0,0,0,0,0,0,0,0,0,0,0,0,0,0,0,7,228,0,0,0,0,0,0,0,0,0,0,0,0,0,4,0,40,0,1,0,1,3,23,0,0,0,1,0,8,0,0,0,0,0,0,0,0,0,1,0,0,0,0,0,0,0,0,0,0,0,0,0,0,0,0,0,0,0,0,0,0,0,0,0,0,0,0,0,0,0,0,0,0,0,0,0,0,0,0,0,0,0,0,0,0,0,0,0,0,0,0,0,0,0,0,0,0,0,0,0,0,0,0,0,18,0,0,0,0,0,3,0,2,0,12,0,0,1,9,0,1,0,3,0,30,1,19,0,0,1,9,1,2,4,48,0,19,0,0,0,1,10,234,0,2,0,1,0,0,0,0,8,282,0,0,0,2,0,0
2026,24,青森県,0,0,0,0,0,0,0,0,0,0,0,0,0,0,0,0,1,35,0,0,0,0,0,0,0,0,0,0,0,0,0,2,1,8,0,0,0,0,0,0,0,0,0,3,0,0,0,0,0,0,0,0,0,0,0,0,0,0,0,0,0,0,0,0,0,0,0,0,0,0,0,0,0,0,0,0,0,0,0,1,0,0,0,0,0,0,0,0,0,0,0,0,0,0,0,0,0,0,0,0,0,0,0,0,0,0,0,0,0,0,0,0,0,0,0,0,0,0,0,0,0,1,0,0,0,0,0,1,0,0,2,4,0,0,0,0,0,0,0,2,1,7,0,1,0,0,0,4,0,0,0,10,0,6,0,0,0,0,0,7,0,0,0,0,0,0,0,0,0,18,0,0,0,0,0,0
2026,24,岩手県,0,0,0,0,0,0,0,0,0,0,0,0,0,0,0,0,0,37,0,0,0,0,0,0,0,0,0,0,0,0,0,0,1,13,0,0,0,0,1,2,0,0,0,1,0,0,0,0,0,0,1,1,0,0,0,0,0,0,0,0,0,0,0,0,0,0,0,0,0,0,0,0,0,0,0,0,0,0,0,2,0,0,0,0,0,0,0,0,0,0,0,0,0,0,0,0,0,0,0,0,0,0,0,0,0,0,0,0,0,0,0,0,0,0,0,0,0,0,0,0,1,7,0,0,0,0,0,0,1,3,0,1,0,0,0,0,0,0,0,2,0,6,0,1,0,0,0,0,0,0,0,9,0,8,0,0,0,0,1,13,0,1,0,1,0,0,0,0,1,19,0,0,0,4,0,0
2026,24,宮城県,0,0,0,0,0,0,0,0,0,0,0,0,0,0,0,0,1,76,0,0,0,0,0,0,0,0,0,0,0,0,0,1,0,16,0,0,0,0,0,2,0,0,1,2,0,0,0,0,0,0,0,0,0,0,0,0,0,0,0,0,0,0,0,0,0,0,0,0,0,0,0,0,0,0,0,0,0,0,0,0,0,0,0,0,0,0,0,0,0,0,0,0,0,0,0,0,0,0,0,0,0,0,0,0,0,0,0,0,0,0,0,0,0,0,0,0,0,0,0,0,0,14,0,0,0,0,0,3,0,0,0,4,0,0,0,0,0,0,0,1,0,12,0,5,0,0,0,3,0,1,1,21,0,7,0,0,0,0,3,101,0,1,0,1,0,0,0,0,1,34,0,0,0,0,0,0
2026,24,秋田県,0,0,0,0,0,0,0,0,0,0,0,0,0,0,0,0,1,24,0,0,0,0,0,0,0,0,0,0,0,0,0,0,2,7,0,0,0,0,0,4,0,0,0,1,0,0,0,0,0,0,0,0,0,0,0,0,0,0,0,0,0,0,0,0,0,0,0,0,0,0,0,0,0,0,0,0,0,0,0,1,0,0,0,0,0,0,0,0,0,0,0,0,0,0,0,0,0,0,0,0,0,0,0,0,0,0,0,0,0,0,0,0,0,0,0,0,0,0,0,0,2,13,0,0,0,0,0,1,0,0,0,9,0,0,0,0,0,0,0,0,0,2,1,1,0,0,1,3,0,0,0,7,0,3,0,0,0,1,0,9,0,0,0,1,0,0,0,2,1,26,0,0,0,0,0,0
2026,24,山形県,0,0,0,0,0,0,0,0,0,0,0,0,0,0,0,0,0,30,0,0,0,0,0,0,0,0,0,0,0,0,0,0,5,23,0,0,0,0,0,5,0,0,1,1,0,0,0,0,0,0,0,0,0,0,0,0,0,0,0,0,0,0,0,0,0,0,0,0,0,0,0,0,0,0,0,0,0,0,0,2,0,1,0,0,0,0,0,0,0,0,0,0,0,0,0,0,0,0,0,0,0,0,0,0,0,0,0,0,0,1,0,0,0,0,0,0,0,0,0,0,0,10,0,0,0,0,0,2,0,0,0,0,0,0,0,0,0,0,0,1,1,6,0,4,0,0,0,1,0,0,0,8,0,1,0,0,0,0,1,24,0,0,0,0,0,0,0,0,0,27,0,0,0,0,0,0
2026,24,福島県,0,0,0,0,0,0,0,0,0,0,0,0,0,0,0,0,3,57,0,0,0,0,0,0,0,0,0,0,0,0,0,0,2,10,0,0,0,0,0,2,0,0,0,5,0,0,0,0,0,0,0,0,0,0,0,0,0,0,0,0,0,0,0,0,0,0,0,0,0,0,0,0,0,0,0,0,0,0,1,6,0,0,0,0,0,0,0,0,0,0,0,0,0,0,0,0,0,0,0,0,0,0,0,0,0,0,0,0,0,0,0,0,0,0,0,0,0,0,0,0,0,17,0,0,0,0,0,3,0,1,0,6,0,0,0,3,0,0,0,2,0,9,0,3,0,1,0,4,0,0,2,18,0,2,0,0,0,0,2,62,0,4,0,0,0,0,0,0,0,37,0,0,0,0,0,0
2026,24,茨城県,0,0,0,0,0,0,0,0,0,0,0,0,0,0,0,0,5,169,0,0,0,0,0,0,0,0,0,0,0,0,0,3,2,19,0,0,0,0,2,16,0,0,0,5,0,0,0,0,0,0,0,0,0,0,0,0,0,0,0,0,0,0,0,0,0,0,1,1,0,0,0,0,0,0,0,0,0,0,0,1,0,0,0,0,0,0,0,0,1,2,0,0,0,0,0,0,0,0,0,0,0,0,0,0,0,0,0,0,0,0,0,0,0,0,0,0,0,0,0,0,1,25,0,0,0,0,0,7,0,3,1,6,0,0,0,4,0,0,0,3,0,7,1,12,0,0,1,6,0,2,0,35,2,12,0,0,0,1,4,78,0,0,0,0,0,0,0,0,1,80,0,0,1,7,0,0
2026,24,栃木県,0,0,0,0,0,0,0,0,0,0,0,0,0,0,0,0,6,74,0,0,0,0,0,0,0,0,0,0,0,0,0,0,1,6,0,1,0,1,0,7,0,0,0,1,0,0,0,1,0,0,0,0,0,0,0,0,0,0,0,0,0,0,0,0,0,0,0,0,0,0,0,0,0,0,0,0,0,0,0,1,0,0,0,0,0,0,0,0,0,0,0,0,0,0,0,0,0,0,0,0,0,0,0,0,0,0,0,0,0,0,0,0,0,0,0,0,0,0,0,0,1,21,0,0,0,0,0,5,0,2,0,4,0,0,0,4,0,0,0,1,0,7,0,5,0,0,0,3,0,1,0,34,0,1,0,0,0,1,6,57,0,3,0,1,0,0,0,1,3,26,0,0,0,16,0,0
2026,24,群馬県,0,0,0,0,0,0,0,0,0,0,0,0,0,0,0,0,10,88,0,0,0,0,0,0,0,0,0,0,0,0,0,0,3,21,0,0,0,0,0,13,0,0,0,0,0,0,0,0,0,0,0,0,0,0,0,0,0,0,0,0,0,0,0,0,0,0,0,0,0,0,0,0,0,0,0,0,0,0,0,0,0,1,0,0,0,0,0,0,0,1,0,0,0,0,0,0,0,0,0,0,0,0,0,0,0,0,0,0,0,0,0,0,0,0,0,0,0,0,0,0,2,15,0,0,0,0,1,2,0,1,0,5,0,0,0,2,0,0,0,1,0,12,0,10,0,1,0,3,0,0,1,29,0,2,0,0,0,0,2,72,0,1,0,1,0,0,0,0,2,69,0,0,2,3,0,0
2026,24,埼玉県,0,0,0,0,0,0,0,0,0,0,0,0,0,0,0,0,0,311,0,0,0,0,0,0,0,0,0,0,0,0,0,2,7,62,0,2,0,0,2,39,0,0,0,4,0,0,0,0,0,0,0,0,0,0,0,0,0,0,0,0,0,0,0,0,0,0,0,0,0,0,0,0,0,0,0,0,0,0,0,0,0,0,0,0,0,0,0,0,0,0,0,0,0,0,0,0,0,0,0,0,0,0,0,0,0,0,0,0,0,1,0,0,0,0,0,0,0,0,0,0,0,48,0,0,0,0,2,16,0,10,1,17,0,1,0,28,0,0,0,3,3,29,0,17,0,0,0,16,0,2,1,63,1,8,0,0,0,0,7,242,0,2,0,2,0,0,0,1,12,249,0,0,0,40,0,1
2026,24,千葉県,0,0,0,0,0,0,0,0,0,0,0,0,0,0,0,0,11,346,0,0,0,0,0,0,0,0,0,0,0,0,0,1,2,29,0,1,1,3,0,20,0,0,0,5,0,0,0,2,0,0,0,0,0,0,0,0,0,0,0,0,0,0,0,1,0,0,0,0,0,0,0,0,0,0,0,0,0,1,0,9,0,2,0,0,0,0,0,0,6,13,0,1,0,0,0,0,0,0,0,0,0,0,0,0,0,0,0,0,0,2,0,0,0,0,0,0,0,0,0,0,0,51,0,0,0,0,0,10,0,2,0,23,0,1,2,33,0,0,1,7,2,31,0,14,0,1,0,12,0,0,0,70,1,20,0,0,0,4,4,136,1,5,0,3,0,0,0,0,1,154,0,0,0,32,0,0
2026,24,東京都,0,0,0,0,0,0,0,0,0,0,0,0,0,0,0,0,24,943,0,0,0,0,0,0,0,0,0,0,0,0,0,13,18,113,0,6,0,1,4,84,0,0,0,39,0,0,1,57,0,0,0,0,0,0,0,0,0,0,0,0,0,0,0,2,0,0,0,1,0,0,0,0,0,0,0,0,0,1,0,0,0,10,0,0,0,0,0,0,1,1,0,0,0,0,0,0,0,0,0,0,0,0,0,0,0,0,0,0,0,3,0,0,0,0,0,0,0,0,0,0,5,60,0,2,0,0,1,47,0,21,1,53,1,5,0,18,0,1,0,7,0,59,6,123,0,7,1,39,1,4,3,163,2,53,0,0,1,12,26,1233,0,10,0,4,0,0,0,5,15,406,0,1,0,260,0,2
2026,24,神奈川県,0,0,0,0,0,0,0,0,0,0,0,0,0,0,0,0,8,400,0,0,0,0,0,0,0,0,0,0,0,0,0,0,7,78,0,1,0,0,1,42,0,0,0,11,0,0,0,5,0,0,0,0,0,0,0,0,0,0,0,0,0,0,1,1,0,0,0,3,0,0,0,0,0,0,0,0,0,0,0,0,0,6,0,0,0,0,0,0,0,0,0,0,0,0,0,0,0,0,0,0,0,0,0,0,0,0,0,0,0,2,0,0,0,0,0,0,0,0,0,0,0,53,0,0,0,0,0,14,0,6,1,25,0,0,0,8,0,0,0,1,2,68,0,27,0,1,0,21,0,1,4,106,1,20,0,0,0,3,9,298,0,6,0,0,0,0,0,0,4,177,0,0,0,48,0,1
2026,24,新潟県,0,0,0,0,0,0,0,0,0,0,0,0,0,0,0,0,3,67,0,0,0,0,0,0,0,0,0,0,0,0,0,0,2,10,0,0,0,0,0,4,0,0,0,3,0,0,0,0,0,0,0,0,0,0,0,0,0,0,0,0,0,0,0,0,0,0,0,0,0,0,0,0,0,0,0,0,0,0,0,2,0,0,0,0,0,0,0,0,0,0,0,0,0,0,0,0,0,0,0,0,0,0,0,0,0,0,0,0,0,0,0,0,0,0,0,0,0,0,0,0,2,9,0,0,0,0,0,3,0,2,0,0,0,1,0,2,0,0,0,1,0,9,0,2,0,0,1,5,0,0,0,16,0,6,0,0,0,3,0,43,0,2,0,1,0,0,0,0,6,81,0,0,0,10,0,0
2026,24,富山県,0,0,0,0,0,0,0,0,0,0,0,0,0,0,0,0,1,42,0,0,0,0,0,0,0,0,0,0,0,0,0,0,0,7,0,0,0,0,0,1,0,0,0,0,0,0,0,0,0,0,0,0,0,0,0,0,0,0,0,0,0,0,0,0,0,0,0,0,0,0,0,0,0,0,0,0,0,0,0,0,0,0,0,0,0,0,0,0,0,0,0,0,0,0,0,0,0,0,0,0,0,0,0,0,0,0,0,0,0,0,0,0,0,0,0,0,0,0,0,0,2,15,0,0,0,0,0,0,0,0,0,0,0,0,0,2,0,0,0,0,0,9,0,1,0,0,0,4,0,0,0,12,0,3,0,0,0,2,1,22,0,0,0,1,0,0,0,0,0,8,0,0,1,1,0,0
2026,24,石川県,0,0,0,0,0,0,0,0,0,0,0,0,0,0,0,0,6,60,0,0,0,0,0,0,0,0,0,0,0,0,0,0,0,10,0,0,0,2,0,1,0,0,0,0,0,0,0,0,0,0,0,0,0,0,0,0,0,0,0,0,0,0,0,0,0,0,0,0,0,0,0,0,0,0,0,0,0,0,0,0,0,0,0,0,0,0,0,0,1,3,0,0,0,0,0,0,0,0,0,0,0,0,0,0,0,0,0,0,0,0,0,0,0,0,0,0,0,0,0,0,0,15,0,0,0,0,0,2,0,2,0,2,0,0,0,0,0,0,0,0,2,11,0,1,0,0,0,2,0,0,1,18,0,13,0,0,0,0,0,31,0,0,0,0,0,0,0,0,1,37,0,0,0,0,0,0
2026,24,福井県,0,0,0,0,0,0,0,0,0,0,0,0,0,0,0,0,0,32,0,0,0,0,0,0,0,0,0,0,0,0,0,0,1,12,0,0,0,0,0,2,0,0,0,0,0,0,0,0,0,0,0,0,0,0,0,0,0,0,0,0,0,0,0,0,0,0,0,0,0,0,0,0,0,0,0,0,0,0,0,0,0,0,0,0,0,0,0,0,0,0,0,0,0,0,0,0,0,0,0,0,0,0,0,0,0,0,0,0,0,0,0,0,0,0,0,0,0,0,0,0,0,4,0,0,0,0,0,2,0,0,0,1,0,0,0,0,0,0,0,0,0,5,0,1,0,0,0,2,0,0,0,11,0,1,0,0,0,0,0,15,0,1,0,0,0,0,0,0,0,7,0,0,0,1,0,0
2026,24,山梨県,0,0,0,0,0,0,0,0,0,0,0,0,0,0,0,0,3,30,0,0,0,0,0,0,0,0,0,0,0,0,0,0,1,7,0,0,0,0,0,1,0,0,0,0,0,0,0,0,0,0,0,0,0,0,0,0,0,0,0,0,0,0,0,0,0,0,0,0,0,0,0,0,0,0,0,0,0,0,0,0,0,0,0,0,0,0,0,0,0,0,0,0,0,0,0,0,0,0,0,0,0,0,0,0,0,0,0,0,0,0,0,0,0,0,0,0,0,0,0,0,0,5,0,0,0,0,0,0,0,1,1,2,0,0,0,0,0,0,0,1,0,3,0,1,0,0,0,0,0,0,0,4,0,1,0,0,0,0,0,10,0,0,0,0,0,0,0,0,0,8,0,0,0,3,0,0
2026,24,長野県,0,0,0,0,0,0,0,0,0,0,0,0,0,0,0,0,1,61,0,0,0,0,0,0,0,0,0,0,0,0,0,0,2,10,0,0,0,0,0,9,0,0,0,0,0,0,0,0,0,0,0,0,0,0,0,0,0,0,0,0,0,0,0,0,0,0,0,0,0,0,0,0,0,0,0,0,0,0,0,4,0,0,0,0,0,0,0,0,0,0,0,0,0,0,0,0,0,0,0,0,0,0,0,0,0,0,0,0,0,0,0,0,0,0,0,0,0,0,0,0,2,14,0,0,0,0,0,2,0,0,0,6,0,1,0,7,0,0,0,1,0,13,0,1,0,0,0,3,0,0,1,15,0,5,0,0,0,0,1,33,0,3,0,1,0,0,0,2,1,66,0,0,0,3,0,0
2026,24,岐阜県,0,0,0,0,0,0,0,0,0,0,0,0,0,0,0,0,7,122,0,0,0,0,0,0,0,0,0,0,0,0,0,1,1,16,0,0,0,0,0,7,0,0,0,1,0,0,0,0,0,0,0,0,0,0,0,0,0,0,0,0,0,0,0,0,0,0,0,1,0,0,0,0,0,0,0,0,0,0,0,0,0,1,0,0,0,0,0,0,0,0,0,0,0,0,0,0,0,0,0,0,0,0,0,0,0,0,0,0,0,0,0,0,0,0,0,0,0,0,0,0,2,15,0,0,0,0,0,3,0,2,0,11,0,0,0,2,0,0,0,0,1,12,1,10,0,0,0,6,0,1,0,30,0,7,0,0,0,1,1,62,0,1,0,1,0,0,0,0,0,42,0,0,0,1,0,0
2026,24,静岡県,0,0,0,0,0,0,0,0,0,0,0,0,0,0,0,0,6,147,0,0,0,0,0,0,0,0,0,0,0,0,0,2,3,19,0,0,0,0,1,4,0,0,0,3,0,0,0,0,0,0,0,1,0,0,0,0,0,0,0,0,0,0,0,0,0,0,0,5,0,0,0,0,0,0,0,0,0,0,0,0,0,0,0,0,0,0,0,0,0,2,0,0,0,0,0,0,0,0,0,0,0,0,0,0,0,0,0,0,0,1,0,0,0,0,0,0,0,0,0,0,1,36,0,0,0,0,0,8,0,1,0,9,0,0,0,5,0,0,0,3,0,21,0,11,0,0,0,6,0,1,1,32,1,13,0,0,0,0,5,133,0,0,0,0,0,0,0,7,1,71,0,0,0,3,0,0
2026,24,愛知県,0,0,0,0,0,0,0,0,0,0,0,0,0,0,0,0,30,503,0,0,0,0,0,0,0,0,0,0,0,0,0,0,11,50,0,1,0,0,1,6,0,0,0,3,0,0,0,0,0,0,0,0,0,0,0,0,0,0,0,0,0,0,0,0,0,0,0,5,0,0,0,0,0,0,0,0,0,0,0,0,1,6,0,0,0,0,0,0,1,7,0,0,0,0,0,0,0,0,0,0,0,0,0,0,0,0,0,0,0,1,0,0,0,0,0,0,0,0,0,0,4,59,0,0,0,0,1,16,0,3,0,26,0,0,0,11,0,0,0,3,1,38,2,30,0,1,2,15,0,4,3,126,1,23,0,0,0,1,17,363,0,4,0,0,0,0,0,1,1,185,0,0,0,28,0,1
2026,24,三重県,0,0,0,0,0,0,0,0,0,0,0,0,0,0,0,0,2,90,0,0,0,0,0,0,0,0,0,0,0,0,0,0,0,7,0,0,0,0,0,1,0,0,0,0,0,0,0,0,0,0,0,0,0,0,0,0,0,0,0,0,0,0,0,0,0,0,0,3,0,0,0,0,0,0,0,0,0,0,0,1,0,0,0,0,0,0,0,0,1,18,0,0,0,0,0,0,0,0,0,0,0,0,0,0,0,0,0,0,0,0,0,0,0,0,0,0,0,0,0,0,0,11,0,0,0,0,0,2,0,1,0,8,0,0,0,3,0,0,0,1,1,13,0,6,0,0,1,5,0,0,1,33,0,1,0,0,0,1,0,41,0,4,0,0,0,0,0,0,1,25,0,1,0,1,0,0
2026,24,滋賀県,0,0,0,0,0,0,0,0,0,0,0,0,0,0,0,0,0,57,0,0,0,0,0,0,0,0,0,0,0,0,0,0,1,11,0,0,0,0,0,0,0,0,0,2,0,0,0,0,0,0,0,0,0,0,0,0,0,0,0,0,0,0,0,0,0,0,0,0,0,0,0,0,0,0,0,0,0,0,0,0,0,0,0,0,0,0,0,0,0,1,0,0,0,0,0,0,0,0,0,0,0,0,0,0,0,0,0,0,0,0,0,0,0,0,0,0,0,0,0,0,1,7,0,1,0,0,0,1,0,1,0,0,0,0,0,1,0,0,0,2,2,12,0,1,0,0,0,4,0,1,0,20,1,6,0,0,0,1,2,43,0,2,0,2,0,0,0,1,0,87,0,0,0,2,0,0
2026,24,京都府,0,0,0,0,0,0,0,0,0,0,0,0,0,0,0,0,5,177,0,0,0,0,0,0,0,0,0,0,0,0,0,0,1,26,0,0,0,0,0,2,0,0,0,3,0,0,0,0,0,0,0,0,0,0,0,0,0,0,0,0,0,0,0,0,0,0,0,1,0,0,0,0,0,0,0,0,0,0,0,0,0,1,0,0,0,0,0,0,0,4,0,0,0,0,0,0,0,0,0,0,0,0,0,0,0,0,0,0,0,1,0,0,0,0,0,0,0,0,0,0,0,23,0,0,0,0,0,8,0,0,1,15,0,0,0,1,0,0,0,2,0,17,0,4,0,1,0,9,0,1,4,52,0,12,0,0,0,0,2,60,0,3,0,2,0,0,0,2,1,32,0,0,0,1,0,0
2026,24,大阪府,0,0,0,0,0,0,0,0,0,0,0,0,0,0,0,0,15,390,0,0,0,0,0,0,0,0,0,0,0,0,0,2,3,39,0,3,0,0,1,4,0,0,0,9,0,0,1,1,0,0,0,1,0,0,0,0,0,0,0,0,0,0,0,0,0,0,0,1,0,0,0,0,0,0,0,0,0,0,0,0,0,5,0,0,0,0,0,0,0,3,0,0,0,0,0,0,0,0,0,0,0,0,0,0,0,0,0,0,0,1,0,0,0,0,0,0,0,0,0,0,5,56,0,0,0,0,0,22,0,13,0,48,0,0,0,8,0,1,0,5,1,40,1,32,0,1,1,26,0,6,3,142,0,32,0,0,0,18,22,583,0,8,0,2,0,0,0,6,1,159,0,0,0,15,0,2
2026,24,兵庫県,0,0,0,0,0,0,0,0,0,0,0,0,0,0,0,0,10,217,0,0,0,0,0,0,0,0,0,0,0,0,0,2,2,29,0,0,0,0,0,2,0,0,0,1,0,0,0,0,0,0,0,0,0,0,0,0,0,0,0,0,0,0,0,0,0,0,0,3,0,0,0,0,0,0,0,0,0,0,0,1,0,0,0,0,0,0,0,0,0,3,0,0,0,0,0,0,0,0,0,0,0,0,0,0,0,0,0,0,0,0,0,0,0,0,0,0,0,0,0,0,4,42,0,0,0,0,0,8,0,1,1,19,0,0,1,10,0,0,0,4,1,20,0,6,0,0,1,10,0,1,1,75,0,14,0,0,0,2,4,154,0,1,0,3,0,0,0,0,4,150,0,0,0,2,0,0
2026,24,奈良県,0,0,0,0,0,0,0,0,0,0,0,0,0,0,0,0,3,83,0,0,0,0,0,0,0,0,0,0,0,0,0,0,1,15,0,1,0,0,0,1,0,0,0,0,0,0,0,0,0,0,0,0,0,0,0,0,0,0,0,0,0,0,0,0,0,0,0,1,0,0,0,0,0,0,0,0,0,0,0,0,0,0,0,0,0,0,0,0,2,4,0,0,0,0,0,0,0,0,0,0,0,0,0,0,0,0,0,0,0,0,0,0,0,0,0,0,0,0,0,0,1,10,0,0,0,0,0,6,0,0,0,8,0,0,0,3,0,0,0,2,0,9,0,5,0,0,1,3,0,1,0,18,0,4,0,0,0,3,1,32,0,0,0,1,0,0,0,1,0,11,0,0,0,1,0,0
2026,24,和歌山県,0,0,0,0,0,0,0,0,0,0,0,0,0,0,0,0,6,46,0,0,0,0,0,0,0,0,0,0,0,0,0,0,0,7,0,0,0,0,0,0,0,0,0,0,0,0,0,0,0,0,0,0,0,0,0,0,0,0,0,0,0,0,0,0,0,0,1,2,0,0,0,0,0,0,0,0,0,0,0,1,0,0,0,0,0,0,0,0,0,7,0,0,0,0,0,0,0,0,0,0,0,0,0,0,0,0,0,0,0,0,0,0,0,0,0,0,0,0,0,0,0,3,0,0,0,0,0,1,0,2,0,3,0,0,0,2,0,0,0,2,0,4,0,3,0,1,0,3,0,0,0,7,0,1,0,0,0,0,1,22,0,0,0,1,0,0,0,4,1,23,0,0,0,0,0,0
2026,24,鳥取県,0,0,0,0,0,0,0,0,0,0,0,0,0,0,0,0,0,16,0,0,0,0,0,0,0,0,0,0,0,0,0,0,0,21,0,0,0,0,0,0,0,0,0,1,0,0,0,0,0,0,0,0,0,0,0,0,0,0,0,0,0,0,0,0,0,0,0,0,0,0,0,0,0,0,0,0,0,0,0,1,0,0,0,0,0,0,0,0,0,2,0,0,0,0,0,0,0,0,0,0,0,0,0,0,0,0,0,0,0,0,0,0,0,0,0,0,0,0,0,0,0,4,0,0,0,0,0,2,0,0,0,3,0,1,0,2,0,0,0,0,0,1,0,0,0,0,0,1,0,0,0,9,1,3,0,0,0,0,0,8,0,1,0,0,0,0,0,0,0,16,0,0,0,0,0,0
2026,24,島根県,0,0,0,0,0,0,0,0,0,0,0,0,0,0,0,0,0,38,0,0,0,0,0,0,0,0,0,0,0,0,0,0,0,11,0,0,0,0,0,1,0,0,0,0,0,0,0,0,0,0,0,0,0,0,0,0,0,0,0,0,0,0,0,0,0,0,0,1,0,0,0,0,0,0,0,0,0,0,0,2,0,0,0,0,0,0,0,0,0,6,0,0,0,0,0,0,0,0,0,0,0,0,0,0,0,0,0,0,0,0,0,0,0,0,0,0,0,0,0,0,0,2,0,1,0,0,0,0,0,1,0,3,0,0,0,0,0,0,0,1,1,4,0,0,0,0,0,1,0,0,0,5,0,3,0,0,0,0,0,8,0,0,0,0,0,0,0,1,2,37,0,0,0,0,0,0
2026,24,岡山県,0,0,0,0,0,0,0,0,0,0,0,0,0,0,0,0,3,110,0,0,0,0,0,0,0,0,0,0,0,0,0,0,5,32,0,1,0,0,0,4,0,0,0,0,0,0,0,0,0,0,0,0,0,0,0,0,0,0,0,0,0,0,0,0,0,0,1,1,0,0,0,0,0,0,0,0,0,0,0,0,0,0,0,0,0,0,0,0,1,3,0,0,0,0,0,0,0,0,0,0,0,0,0,0,0,0,0,0,0,0,0,0,0,0,0,0,0,0,0,0,0,18,0,0,0,0,0,2,0,0,0,7,0,0,0,6,0,0,0,1,0,8,0,3,0,0,0,4,0,0,0,27,1,6,0,0,0,0,0,73,0,0,0,1,0,0,0,0,3,78,0,0,0,0,0,0
2026,24,広島県,0,0,0,0,0,0,0,0,0,0,0,0,0,0,0,0,5,185,0,0,0,0,0,0,0,0,0,0,0,0,0,0,2,56,0,0,0,0,0,6,0,0,0,1,0,0,0,0,0,0,0,0,0,0,0,0,0,0,0,0,0,0,0,0,0,0,0,2,0,0,0,0,0,0,0,0,0,0,0,0,0,0,0,0,0,0,0,0,1,15,0,0,0,0,0,0,0,0,0,0,0,0,0,0,0,0,0,0,0,0,0,0,0,0,0,0,0,0,0,0,1,30,0,0,0,0,1,7,0,5,0,13,0,0,0,6,0,0,0,1,0,11,1,4,0,1,0,0,0,0,1,21,0,4,0,0,1,1,0,79,0,1,0,3,0,0,0,2,2,80,0,0,0,1,0,0
2026,24,山口県,0,0,0,0,0,0,0,0,0,0,0,0,0,0,0,0,5,69,0,0,0,0,0,0,0,0,0,0,0,0,0,0,1,30,0,0,0,0,0,1,0,0,0,0,0,0,0,0,0,0,0,0,0,0,0,0,0,0,0,0,0,0,0,0,0,0,1,5,0,0,0,0,0,0,0,0,0,0,0,0,0,0,0,0,0,0,0,0,0,1,0,0,0,0,0,0,0,0,0,0,0,0,0,0,0,0,0,0,0,1,0,0,0,0,0,0,0,0,0,0,0,7,0,0,0,0,0,0,0,0,0,6,0,0,0,8,0,0,0,1,0,9,0,4,0,1,0,0,0,1,0,7,0,3,0,0,0,0,4,37,1,1,1,3,0,0,0,0,2,71,0,0,0,0,0,0
2026,24,徳島県,0,0,0,0,0,0,0,0,0,0,0,0,0,0,0,0,4,32,0,0,0,0,0,0,0,0,0,0,0,0,0,0,0,6,0,0,0,0,0,0,0,0,0,0,0,0,0,0,0,0,0,0,0,0,0,0,0,0,0,0,0,0,0,0,0,0,0,3,0,0,0,0,0,0,0,0,0,0,0,0,0,0,0,0,0,0,0,0,0,1,0,0,0,0,0,0,0,0,0,0,0,0,0,0,0,0,0,0,0,0,0,0,0,0,0,0,0,0,0,0,0,4,0,0,0,0,0,0,0,0,2,5,0,0,1,1,0,0,0,0,0,3,0,0,0,0,0,1,0,0,1,9,0,5,0,0,1,5,3,24,0,1,0,0,0,0,0,0,0,18,0,0,0,0,0,0
2026,24,香川県,0,0,0,0,0,0,0,0,0,0,0,0,0,0,0,0,3,44,0,0,0,0,0,0,0,0,0,0,0,0,0,0,0,22,0,0,0,0,0,0,0,0,0,1,0,0,0,0,0,0,0,0,0,0,0,0,0,0,0,0,0,0,0,0,0,0,0,3,0,0,0,0,0,0,0,0,0,0,0,0,0,0,0,0,0,0,0,0,0,2,0,0,0,0,0,0,0,0,0,0,0,0,0,0,0,0,0,0,0,0,0,0,0,0,0,0,0,0,0,0,0,10,0,0,0,0,0,2,0,1,0,6,0,0,0,2,0,0,0,0,0,11,0,1,0,1,1,3,0,0,0,13,0,2,0,0,0,0,1,18,0,0,0,0,0,0,0,0,2,31,0,0,0,0,0,0
2026,24,愛媛県,0,0,0,0,0,0,0,0,0,0,0,0,0,0,0,0,2,61,0,0,0,0,0,0,0,0,0,0,0,0,0,0,1,10,0,0,0,0,0,0,0,0,0,0,0,0,0,0,0,0,0,0,0,0,0,0,0,0,0,0,0,0,0,0,0,0,1,6,0,0,0,0,0,0,0,0,0,0,0,0,0,0,0,0,0,0,0,0,0,11,0,1,0,0,0,0,0,0,0,0,0,0,0,0,0,0,0,0,0,0,0,0,0,0,0,0,0,0,0,0,0,5,0,0,0,0,0,3,0,2,0,5,0,0,0,2,0,0,1,1,0,7,0,0,0,0,0,0,0,0,0,10,0,3,0,0,1,3,5,43,0,0,0,1,0,0,0,0,0,72,0,0,0,0,0,1
2026,24,高知県,0,0,0,0,0,0,0,0,0,0,0,0,0,0,0,0,1,31,0,0,0,0,0,0,0,0,0,0,0,0,0,0,1,7,0,0,0,0,0,0,0,0,0,0,0,0,0,0,0,0,0,0,0,0,0,0,0,0,0,0,0,0,0,0,0,0,1,4,0,0,0,0,0,0,0,0,0,0,0,1,0,1,0,0,0,0,0,0,0,4,0,0,0,0,0,0,0,0,0,0,0,0,0,0,0,0,0,0,0,0,0,0,0,0,0,0,0,0,0,0,0,1,0,0,0,0,0,0,0,0,0,4,0,0,0,0,0,0,0,0,0,3,0,0,0,0,0,1,0,0,0,10,0,0,0,0,0,0,1,14,0,1,0,0,0,0,0,0,0,23,0,0,0,0,0,0
2026,24,福岡県,0,0,0,0,0,0,0,0,0,0,0,0,0,0,0,0,14,356,0,0,0,0,0,0,0,0,0,0,0,0,0,4,3,55,0,0,0,0,0,1,0,0,0,0,0,0,0,0,0,0,0,0,0,0,0,0,0,0,0,0,0,0,0,0,0,0,0,2,0,0,0,0,0,0,0,0,0,0,0,0,0,1,0,0,0,0,0,0,0,1,0,0,0,0,0,0,0,0,0,0,0,0,0,0,0,0,0,0,0,1,0,0,0,0,0,0,0,0,0,0,1,26,0,0,0,0,1,9,0,1,0,31,0,0,1,15,0,0,1,2,1,32,1,25,0,1,0,17,0,0,0,63,0,16,0,0,0,4,11,308,1,5,0,2,0,0,0,1,1,138,0,0,0,4,0,0
2026,24,佐賀県,0,0,0,0,0,0,0,0,0,0,0,0,0,0,0,0,2,53,0,0,0,0,0,0,0,0,0,0,0,0,0,0,0,16,0,0,0,0,0,0,0,0,0,1,0,0,0,0,0,0,0,0,0,0,0,0,0,0,0,0,0,0,0,0,0,0,0,4,0,0,0,0,0,0,0,0,0,0,0,0,0,0,0,0,0,0,0,0,0,7,0,0,0,0,0,0,0,0,0,0,0,0,0,0,0,0,0,0,0,0,0,0,0,0,0,0,0,0,0,0,1,3,0,0,0,0,0,2,0,2,0,7,0,0,0,0,0,0,0,2,0,4,0,3,0,0,0,2,0,1,0,7,0,10,0,0,0,0,2,48,0,0,0,0,0,0,0,0,0,11,0,0,0,0,0,0
2026,24,長崎県,0,0,0,0,0,0,0,0,0,0,0,0,0,0,0,0,1,80,0,0,0,0,0,0,0,0,0,0,0,0,0,0,0,9,0,0,0,0,0,1,0,0,0,1,0,0,0,0,0,0,0,0,0,0,0,0,0,0,0,0,0,0,0,0,0,0,0,5,0,0,0,0,0,0,0,0,0,0,0,1,0,0,0,0,0,0,0,0,3,14,0,0,0,0,0,0,0,0,0,0,0,0,0,0,0,0,0,0,0,0,0,0,0,0,0,0,0,0,0,0,0,7,0,0,0,0,0,1,0,0,0,5,0,0,0,2,0,0,0,0,0,7,1,3,0,0,0,1,0,0,0,15,1,4,0,0,0,0,5,36,0,1,0,0,0,0,0,0,0,12,0,0,0,2,0,0
2026,24,熊本県,0,0,0,0,0,0,0,0,0,0,0,0,0,0,0,0,2,56,0,0,0,0,0,0,0,0,0,0,0,0,0,0,2,7,0,0,0,0,0,2,0,0,0,0,0,0,0,0,0,0,0,0,0,0,0,0,0,0,0,0,0,0,0,0,0,0,1,5,0,0,0,0,0,0,0,0,0,0,0,0,0,0,0,0,0,0,0,0,1,2,0,0,0,0,0,0,0,0,0,0,0,0,0,0,0,0,0,0,0,1,0,0,0,0,0,0,0,0,0,0,1,13,0,0,0,0,0,4,0,0,0,4,0,0,0,1,0,0,0,1,0,8,0,3,0,0,0,8,0,0,0,23,0,6,0,0,0,0,3,88,0,3,0,2,0,0,0,0,0,29,0,0,1,1,0,0
2026,24,大分県,0,0,0,0,0,0,0,0,0,0,0,0,0,0,0,0,6,93,0,0,0,0,0,0,0,0,0,0,0,0,0,0,2,4,0,0,0,0,0,0,0,0,0,2,0,0,0,0,0,0,0,0,0,0,0,0,0,0,0,0,0,0,0,0,0,0,0,4,0,0,0,0,0,0,0,0,0,0,0,0,0,0,0,0,0,0,0,0,0,2,0,0,0,0,0,0,0,0,0,0,0,0,0,0,0,0,0,0,0,0,0,0,0,0,0,0,0,0,0,0,0,10,0,0,0,0,0,2,0,1,1,10,0,0,0,1,0,0,0,0,0,2,0,2,0,0,0,1,0,0,0,15,0,10,0,0,0,0,0,29,0,0,0,0,0,0,0,5,0,26,0,0,0,0,0,0
2026,24,宮崎県,0,0,0,0,0,0,0,0,0,0,0,0,0,0,0,0,2,66,0,0,0,0,0,0,0,0,0,0,0,0,0,0,0,18,0,0,0,0,0,0,0,0,0,1,0,0,0,0,0,0,0,0,0,0,0,0,0,0,0,0,0,0,0,0,0,0,0,3,0,0,0,0,0,0,0,0,0,0,0,4,0,0,0,0,0,0,0,0,0,6,0,0,0,0,0,0,0,0,0,0,0,0,0,0,0,0,0,0,0,0,0,0,0,0,0,0,0,0,0,0,0,3,0,0,0,0,0,1,0,0,0,0,0,0,0,0,0,1,0,0,0,6,0,2,0,0,0,0,0,0,0,7,0,4,0,0,1,1,1,28,0,4,0,1,0,0,0,0,1,37,0,0,0,1,0,0
2026,24,鹿児島県,0,0,0,0,0,0,0,0,0,0,0,0,0,0,0,0,0,95,0,0,0,0,0,0,0,0,0,0,0,0,0,0,0,23,0,0,0,0,0,2,0,0,0,1,0,0,0,0,0,0,0,0,0,0,0,0,0,0,0,0,0,0,0,0,0,0,0,3,0,0,0,0,0,0,0,0,0,0,0,15,0,0,0,0,0,0,0,0,0,2,0,0,0,0,0,0,0,0,0,0,0,0,0,0,0,0,0,0,0,1,0,0,0,0,0,0,0,0,0,0,0,8,0,0,0,0,0,1,0,0,1,2,0,0,0,3,0,0,0,1,0,1,0,4,0,0,0,3,0,1,1,14,0,3,0,0,0,0,2,45,0,3,0,0,0,0,0,1,0,11,0,0,0,34,0,0
2026,24,沖縄県,0,0,0,0,0,0,0,0,0,0,0,0,0,0,0,0,4,149,0,0,0,0,0,0,0,0,0,0,0,0,0,0,0,27,0,0,0,0,0,1,0,0,0,0,0,0,0,0,0,0,0,0,0,0,0,0,0,0,0,0,0,0,0,0,0,0,0,0,0,0,0,0,0,0,0,0,0,0,0,0,0,0,0,0,0,0,0,0,0,1,0,0,0,0,0,0,0,0,0,0,0,0,0,0,0,0,0,0,0,0,0,0,0,0,0,0,0,0,0,0,0,13,0,0,0,0,0,0,0,0,0,8,0,0,0,6,0,0,0,1,0,8,0,7,0,0,0,7,0,0,0,47,0,4,0,0,0,1,0,28,0,0,0,1,0,0,0,0,0,22,0,0,0,2,0,0
